ctcf	sequence	type	queryHits	subjectHits
MACS_peak_304	ENSG00000121310	promoter	NA	NA
MACS_peak_690	ENSG00000116266	promoter	NA	NA
MACS_peak_698	ENSG00000065135	promoter	NA	NA
MACS_peak_702	ENSG00000168710	promoter	NA	NA
MACS_peak_729	ENSG00000198799	promoter	NA	NA
MACS_peak_746	ENSG00000118655	promoter	NA	NA
MACS_peak_769	ENSG00000052723	promoter	NA	NA
MACS_peak_797	ENSG00000143061	promoter	NA	NA
MACS_peak_798	ENSG00000143061	promoter	NA	NA
MACS_peak_805	ENSG00000116830	promoter	NA	NA
MACS_peak_1046	ENSG00000143379	promoter	NA	NA
MACS_peak_1050	ENSG00000163156	promoter	NA	NA
MACS_peak_1051	ENSG00000143398	promoter	NA	NA
MACS_peak_1052	ENSG00000159352	promoter	NA	NA
MACS_peak_1084	ENSG00000163220	promoter	NA	NA
MACS_peak_1092	ENSG00000160741	promoter	NA	NA
MACS_peak_1099	ENSG00000243364	promoter	NA	NA
MACS_peak_1113	ENSG00000160785	promoter	NA	NA
MACS_peak_1119	ENSG00000143319	promoter	NA	NA
MACS_peak_1172	ENSG00000198929	promoter	NA	NA
MACS_peak_1650	ENSG00000180667	promoter	NA	NA
MACS_peak_1794	ENSG00000154370	promoter	NA	NA
MACS_peak_70	ENSG00000142599	gene	NA	NA
MACS_peak_81	ENSG00000171824	gene	NA	NA
MACS_peak_83	ENSG00000116661	gene	NA	NA
MACS_peak_84	ENSG00000083444	gene	NA	NA
MACS_peak_127	ENSG00000090686	gene	NA	NA
MACS_peak_128	ENSG00000090686	gene	NA	NA
MACS_peak_134	ENSG00000001460	gene	NA	NA
MACS_peak_136	ENSG00000133226	gene	NA	NA
MACS_peak_154	ENSG00000142751	gene	NA	NA
MACS_peak_180	ENSG00000025800	gene	NA	NA
MACS_peak_181	ENSG00000160055	gene	NA	NA
MACS_peak_199	ENSG00000054116	gene	NA	NA
MACS_peak_204	ENSG00000183431	gene	NA	NA
MACS_peak_205	ENSG00000183431	gene	NA	NA
MACS_peak_210	ENSG00000043514	gene	NA	NA
MACS_peak_241	ENSG00000117450	gene	NA	NA
MACS_peak_251	ENSG00000159658	gene	NA	NA
MACS_peak_291	ENSG00000185104	gene	NA	NA
MACS_peak_292	ENSG00000185104	gene	NA	NA
MACS_peak_293	ENSG00000185104	gene	NA	NA
MACS_peak_299	ENSG00000117859	gene	NA	NA
MACS_peak_306	ENSG00000058799	gene	NA	NA
MACS_peak_307	ENSG00000116212	gene	NA	NA
MACS_peak_395	ENSG00000116754	gene	NA	NA
MACS_peak_396	ENSG00000118454	gene	NA	NA
MACS_peak_415	ENSG00000259030	gene	NA	NA
MACS_peak_416	ENSG00000259030	gene	NA	NA
MACS_peak_416	ENSG00000116783	gene	NA	NA
MACS_peak_432	ENSG00000117054	gene	NA	NA
MACS_peak_490	ENSG00000142875	gene	NA	NA
MACS_peak_491	ENSG00000142875	gene	NA	NA
MACS_peak_492	ENSG00000142875	gene	NA	NA
MACS_peak_498	ENSG00000162642	gene	NA	NA
MACS_peak_519	ENSG00000065243	gene	NA	NA
MACS_peak_525	ENSG00000122482	gene	NA	NA
MACS_peak_526	ENSG00000122482	gene	NA	NA
MACS_peak_693	ENSG00000085433	gene	NA	NA
MACS_peak_695	ENSG00000143126	gene	NA	NA
MACS_peak_747	ENSG00000163349	gene	NA	NA
MACS_peak_756	ENSG00000197323	gene	NA	NA
MACS_peak_757	ENSG00000197323	gene	NA	NA
MACS_peak_758	ENSG00000197323	gene	NA	NA
MACS_peak_759	ENSG00000197323	gene	NA	NA
MACS_peak_760	ENSG00000197323	gene	NA	NA
MACS_peak_763	ENSG00000116752	gene	NA	NA
MACS_peak_768	ENSG00000009307	gene	NA	NA
MACS_peak_796	ENSG00000116815	gene	NA	NA
MACS_peak_797	ENSG00000116815	gene	NA	NA
MACS_peak_799	ENSG00000143061	gene	NA	NA
MACS_peak_808	ENSG00000198162	gene	NA	NA
MACS_peak_809	ENSG00000198162	gene	NA	NA
MACS_peak_905	ENSG00000196369	gene	NA	NA
MACS_peak_906	ENSG00000196369	gene	NA	NA
MACS_peak_942	ENSG00000271425	gene	NA	NA
MACS_peak_949	ENSG00000117262	gene	NA	NA
MACS_peak_950	ENSG00000117262	gene	NA	NA
MACS_peak_953	ENSG00000263956	gene	NA	NA
MACS_peak_957	ENSG00000268043	gene	NA	NA
MACS_peak_961	ENSG00000268043	gene	NA	NA
MACS_peak_963	ENSG00000268043	gene	NA	NA
MACS_peak_964	ENSG00000268043	gene	NA	NA
MACS_peak_981	ENSG00000188092	gene	NA	NA
MACS_peak_982	ENSG00000188092	gene	NA	NA
MACS_peak_984	ENSG00000188092	gene	NA	NA
MACS_peak_987	ENSG00000263956	gene	NA	NA
MACS_peak_1030	ENSG00000136631	gene	NA	NA
MACS_peak_1031	ENSG00000136631	gene	NA	NA
MACS_peak_1032	ENSG00000136631	gene	NA	NA
MACS_peak_1033	ENSG00000136631	gene	NA	NA
MACS_peak_1038	ENSG00000163125	gene	NA	NA
MACS_peak_1039	ENSG00000143374	gene	NA	NA
MACS_peak_1042	ENSG00000143420	gene	NA	NA
MACS_peak_1089	ENSG00000143614	gene	NA	NA
MACS_peak_1090	ENSG00000143614	gene	NA	NA
MACS_peak_1091	ENSG00000143614	gene	NA	NA
MACS_peak_1095	ENSG00000169291	gene	NA	NA
MACS_peak_1096	ENSG00000163239	gene	NA	NA
MACS_peak_1100	ENSG00000143590	gene	NA	NA
MACS_peak_1103	ENSG00000160767	gene	NA	NA
MACS_peak_1104	ENSG00000176444	gene	NA	NA
MACS_peak_1105	ENSG00000116539	gene	NA	NA
MACS_peak_1108	ENSG00000116580	gene	NA	NA
MACS_peak_1114	ENSG00000163468	gene	NA	NA
MACS_peak_1115	ENSG00000163468	gene	NA	NA
MACS_peak_1173	ENSG00000198929	gene	NA	NA
MACS_peak_1469	ENSG00000134371	gene	NA	NA
MACS_peak_1508	ENSG00000213047	gene	NA	NA
MACS_peak_1509	ENSG00000213047	gene	NA	NA
MACS_peak_1510	ENSG00000213047	gene	NA	NA
MACS_peak_1512	ENSG00000213047	gene	NA	NA
MACS_peak_1513	ENSG00000213047	gene	NA	NA
MACS_peak_1514	ENSG00000213047	gene	NA	NA
MACS_peak_1593	ENSG00000058673	gene	NA	NA
MACS_peak_1593	ENSG00000257315	gene	NA	NA
MACS_peak_1633	ENSG00000266028	gene	NA	NA
MACS_peak_1637	ENSG00000266028	gene	NA	NA
MACS_peak_1638	ENSG00000266028	gene	NA	NA
MACS_peak_1649	ENSG00000162894	gene	NA	NA
MACS_peak_1650	ENSG00000123836	gene	NA	NA
MACS_peak_1651	ENSG00000123836	gene	NA	NA
MACS_peak_1651	ENSG00000180667	gene	NA	NA
MACS_peak_1652	ENSG00000123836	gene	NA	NA
MACS_peak_1710	ENSG00000092978	gene	NA	NA
MACS_peak_1711	ENSG00000162814	gene	NA	NA
MACS_peak_1712	ENSG00000162814	gene	NA	NA
MACS_peak_1713	ENSG00000162814	gene	NA	NA
MACS_peak_1738	ENSG00000136628	gene	NA	NA
MACS_peak_1739	ENSG00000067704	gene	NA	NA
MACS_peak_1740	ENSG00000118873	gene	NA	NA
MACS_peak_1741	ENSG00000118873	gene	NA	NA
MACS_peak_1742	ENSG00000118873	gene	NA	NA
MACS_peak_1744	ENSG00000117791	gene	NA	NA
MACS_peak_1776	ENSG00000162923	gene	NA	NA
MACS_peak_1818	ENSG00000069248	gene	NA	NA
MACS_peak_1841	ENSG00000119285	gene	NA	NA
MACS_peak_10284	ENSG00000143952	promoter	NA	NA
MACS_peak_10373	ENSG00000159239	promoter	NA	NA
MACS_peak_10618	ENSG00000135976	promoter	NA	NA
MACS_peak_10631	ENSG00000183513	promoter	NA	NA
MACS_peak_11006	ENSG00000150556	promoter	NA	NA
MACS_peak_11332	ENSG00000138381	promoter	NA	NA
MACS_peak_11564	ENSG00000115649	promoter	NA	NA
MACS_peak_9892	ENSG00000115761	gene	NA	NA
MACS_peak_9899	ENSG00000169016	gene	NA	NA
MACS_peak_10003	ENSG00000138101	gene	NA	NA
MACS_peak_10004	ENSG00000138101	gene	NA	NA
MACS_peak_10005	ENSG00000138101	gene	NA	NA
MACS_peak_10006	ENSG00000138101	gene	NA	NA
MACS_peak_10017	ENSG00000243943	gene	NA	NA
MACS_peak_10018	ENSG00000163798	gene	NA	NA
MACS_peak_10019	ENSG00000243147	gene	NA	NA
MACS_peak_10019	ENSG00000158019	gene	NA	NA
MACS_peak_10020	ENSG00000158019	gene	NA	NA
MACS_peak_10021	ENSG00000158019	gene	NA	NA
MACS_peak_10050	ENSG00000162961	gene	NA	NA
MACS_peak_10051	ENSG00000162961	gene	NA	NA
MACS_peak_10111	ENSG00000115904	gene	NA	NA
MACS_peak_10112	ENSG00000115904	gene	NA	NA
MACS_peak_10237	ENSG00000115392	gene	NA	NA
MACS_peak_10238	ENSG00000115392	gene	NA	NA
MACS_peak_10239	ENSG00000115392	gene	NA	NA
MACS_peak_10240	ENSG00000115392	gene	NA	NA
MACS_peak_10283	ENSG00000169764	gene	NA	NA
MACS_peak_10284	ENSG00000169764	gene	NA	NA
MACS_peak_10285	ENSG00000143952	gene	NA	NA
MACS_peak_10340	ENSG00000258881	gene	NA	NA
MACS_peak_10357	ENSG00000144040	gene	NA	NA
MACS_peak_10619	ENSG00000135976	gene	NA	NA
MACS_peak_10620	ENSG00000135976	gene	NA	NA
MACS_peak_10657	ENSG00000170417	gene	NA	NA
MACS_peak_10708	ENSG00000186522	gene	NA	NA
MACS_peak_10743	ENSG00000153107	gene	NA	NA
MACS_peak_10744	ENSG00000153107	gene	NA	NA
MACS_peak_10745	ENSG00000153107	gene	NA	NA
MACS_peak_10875	ENSG00000136699	gene	NA	NA
MACS_peak_10877	ENSG00000072135	gene	NA	NA
MACS_peak_10880	ENSG00000173272	gene	NA	NA
MACS_peak_10918	ENSG00000115839	gene	NA	NA
MACS_peak_10918	ENSG00000121988	gene	NA	NA
MACS_peak_10919	ENSG00000121988	gene	NA	NA
MACS_peak_10920	ENSG00000121988	gene	NA	NA
MACS_peak_10921	ENSG00000121988	gene	NA	NA
MACS_peak_10922	ENSG00000121988	gene	NA	NA
MACS_peak_10923	ENSG00000048991	gene	NA	NA
MACS_peak_10993	ENSG00000115947	gene	NA	NA
MACS_peak_11001	ENSG00000135999	gene	NA	NA
MACS_peak_11078	ENSG00000153237	gene	NA	NA
MACS_peak_11079	ENSG00000153237	gene	NA	NA
MACS_peak_11080	ENSG00000153237	gene	NA	NA
MACS_peak_11081	ENSG00000153237	gene	NA	NA
MACS_peak_11181	ENSG00000077380	gene	NA	NA
MACS_peak_11182	ENSG00000077380	gene	NA	NA
MACS_peak_11183	ENSG00000115840	gene	NA	NA
MACS_peak_11183	ENSG00000128708	gene	NA	NA
MACS_peak_11184	ENSG00000115840	gene	NA	NA
MACS_peak_11184	ENSG00000128708	gene	NA	NA
MACS_peak_11331	ENSG00000115368	gene	NA	NA
MACS_peak_11634	ENSG00000077044	gene	NA	NA
MACS_peak_11658	ENSG00000130414	gene	NA	NA
MACS_peak_13098	ENSG00000131375	promoter	NA	NA
MACS_peak_13988	ENSG00000082701	promoter	NA	NA
MACS_peak_14584	ENSG00000136518	promoter	NA	NA
MACS_peak_14624	ENSG00000161203	promoter	NA	NA
MACS_peak_12992	ENSG00000072756	gene	NA	NA
MACS_peak_13016	ENSG00000134108	gene	NA	NA
MACS_peak_13047	ENSG00000168137	gene	NA	NA
MACS_peak_13099	ENSG00000131375	gene	NA	NA
MACS_peak_13102	ENSG00000206562	gene	NA	NA
MACS_peak_13103	ENSG00000206562	gene	NA	NA
MACS_peak_13104	ENSG00000206560	gene	NA	NA
MACS_peak_13105	ENSG00000206560	gene	NA	NA
MACS_peak_13106	ENSG00000206560	gene	NA	NA
MACS_peak_13112	ENSG00000154814	gene	NA	NA
MACS_peak_13213	ENSG00000077097	gene	NA	NA
MACS_peak_13214	ENSG00000151092	gene	NA	NA
MACS_peak_13227	ENSG00000163491	gene	NA	NA
MACS_peak_13228	ENSG00000163491	gene	NA	NA
MACS_peak_13229	ENSG00000163491	gene	NA	NA
MACS_peak_13230	ENSG00000033867	gene	NA	NA
MACS_peak_13231	ENSG00000033867	gene	NA	NA
MACS_peak_13239	ENSG00000187118	gene	NA	NA
MACS_peak_13239	ENSG00000163512	gene	NA	NA
MACS_peak_13240	ENSG00000163512	gene	NA	NA
MACS_peak_13261	ENSG00000144645	gene	NA	NA
MACS_peak_13265	ENSG00000170293	gene	NA	NA
MACS_peak_13267	ENSG00000144635	gene	NA	NA
MACS_peak_13269	ENSG00000182973	gene	NA	NA
MACS_peak_13273	ENSG00000163539	gene	NA	NA
MACS_peak_13276	ENSG00000170248	gene	NA	NA
MACS_peak_13339	ENSG00000181061	gene	NA	NA
MACS_peak_13340	ENSG00000144648	gene	NA	NA
MACS_peak_13340	ENSG00000273291	gene	NA	NA
MACS_peak_13342	ENSG00000273291	gene	NA	NA
MACS_peak_13356	ENSG00000206549	gene	NA	NA
MACS_peak_13365	ENSG00000178252	gene	NA	NA
MACS_peak_13414	ENSG00000168306	gene	NA	NA
MACS_peak_13830	ENSG00000036054	gene	NA	NA
MACS_peak_13896	ENSG00000114446	gene	NA	NA
MACS_peak_13902	ENSG00000198919	gene	NA	NA
MACS_peak_13903	ENSG00000198919	gene	NA	NA
MACS_peak_13931	ENSG00000172139	gene	NA	NA
MACS_peak_13932	ENSG00000172139	gene	NA	NA
MACS_peak_13933	ENSG00000172139	gene	NA	NA
MACS_peak_13945	ENSG00000121579	gene	NA	NA
MACS_peak_13989	ENSG00000082701	gene	NA	NA
MACS_peak_13990	ENSG00000082701	gene	NA	NA
MACS_peak_13999	ENSG00000144840	gene	NA	NA
MACS_peak_14000	ENSG00000144840	gene	NA	NA
MACS_peak_14022	ENSG00000121542	gene	NA	NA
MACS_peak_14023	ENSG00000121542	gene	NA	NA
MACS_peak_14039	ENSG00000163848	gene	NA	NA
MACS_peak_14071	ENSG00000075785	gene	NA	NA
MACS_peak_14084	ENSG00000196455	gene	NA	NA
MACS_peak_14085	ENSG00000196455	gene	NA	NA
MACS_peak_14087	ENSG00000114670	gene	NA	NA
MACS_peak_14089	ENSG00000114670	gene	NA	NA
MACS_peak_14092	ENSG00000114686	gene	NA	NA
MACS_peak_14093	ENSG00000114686	gene	NA	NA
MACS_peak_14104	ENSG00000138246	gene	NA	NA
MACS_peak_14105	ENSG00000138246	gene	NA	NA
MACS_peak_14106	ENSG00000081307	gene	NA	NA
MACS_peak_14172	ENSG00000114107	gene	NA	NA
MACS_peak_14173	ENSG00000114107	gene	NA	NA
MACS_peak_14178	ENSG00000175110	gene	NA	NA
MACS_peak_14179	ENSG00000175110	gene	NA	NA
MACS_peak_14180	ENSG00000184432	gene	NA	NA
MACS_peak_14285	ENSG00000198843	gene	NA	NA
MACS_peak_14289	ENSG00000144893	gene	NA	NA
MACS_peak_14290	ENSG00000144893	gene	NA	NA
MACS_peak_14291	ENSG00000144893	gene	NA	NA
MACS_peak_14292	ENSG00000144893	gene	NA	NA
MACS_peak_14293	ENSG00000144893	gene	NA	NA
MACS_peak_14295	ENSG00000144893	gene	NA	NA
MACS_peak_14339	ENSG00000114805	gene	NA	NA
MACS_peak_14340	ENSG00000114805	gene	NA	NA
MACS_peak_14341	ENSG00000114805	gene	NA	NA
MACS_peak_14342	ENSG00000114805	gene	NA	NA
MACS_peak_14407	ENSG00000169255	gene	NA	NA
MACS_peak_14408	ENSG00000169251	gene	NA	NA
MACS_peak_14409	ENSG00000169251	gene	NA	NA
MACS_peak_14583	ENSG00000171109	gene	NA	NA
MACS_peak_14585	ENSG00000136521	gene	NA	NA
MACS_peak_14586	ENSG00000058056	gene	NA	NA
MACS_peak_14588	ENSG00000114757	gene	NA	NA
MACS_peak_14589	ENSG00000114757	gene	NA	NA
MACS_peak_14590	ENSG00000114757	gene	NA	NA
MACS_peak_14602	ENSG00000145075	gene	NA	NA
MACS_peak_14603	ENSG00000145075	gene	NA	NA
MACS_peak_14604	ENSG00000114416	gene	NA	NA
MACS_peak_14623	ENSG00000161202	gene	NA	NA
MACS_peak_14637	ENSG00000163904	gene	NA	NA
MACS_peak_14705	ENSG00000198836	gene	NA	NA
MACS_peak_14715	ENSG00000114331	gene	NA	NA
MACS_peak_14727	ENSG00000163964	gene	NA	NA
MACS_peak_14728	ENSG00000180370	gene	NA	NA
MACS_peak_14730	ENSG00000119231	gene	NA	NA
MACS_peak_14737	ENSG00000186001	gene	NA	NA
MACS_peak_15103	ENSG00000128039	promoter	NA	NA
MACS_peak_15199	ENSG00000132467	promoter	NA	NA
MACS_peak_15460	ENSG00000180245	promoter	NA	NA
MACS_peak_15619	ENSG00000179387	promoter	NA	NA
MACS_peak_14754	ENSG00000178950	gene	NA	NA
MACS_peak_14759	ENSG00000214367	gene	NA	NA
MACS_peak_14780	ENSG00000072840	gene	NA	NA
MACS_peak_14880	ENSG00000118564	gene	NA	NA
MACS_peak_14889	ENSG00000047662	gene	NA	NA
MACS_peak_14988	ENSG00000065882	gene	NA	NA
MACS_peak_14989	ENSG00000065882	gene	NA	NA
MACS_peak_14991	ENSG00000065882	gene	NA	NA
MACS_peak_14996	ENSG00000163683	gene	NA	NA
MACS_peak_14997	ENSG00000121892	gene	NA	NA
MACS_peak_14998	ENSG00000121892	gene	NA	NA
MACS_peak_15007	ENSG00000109133	gene	NA	NA
MACS_peak_15034	ENSG00000145246	gene	NA	NA
MACS_peak_15036	ENSG00000163293	gene	NA	NA
MACS_peak_15036	ENSG00000198515	gene	NA	NA
MACS_peak_15091	ENSG00000145216	gene	NA	NA
MACS_peak_15092	ENSG00000145216	gene	NA	NA
MACS_peak_15104	ENSG00000134851	gene	NA	NA
MACS_peak_15105	ENSG00000134852	gene	NA	NA
MACS_peak_15110	ENSG00000128059	gene	NA	NA
MACS_peak_15200	ENSG00000173542	gene	NA	NA
MACS_peak_15201	ENSG00000173542	gene	NA	NA
MACS_peak_15201	ENSG00000156136	gene	NA	NA
MACS_peak_15285	ENSG00000145284	gene	NA	NA
MACS_peak_15286	ENSG00000145284	gene	NA	NA
MACS_peak_15287	ENSG00000138674	gene	NA	NA
MACS_peak_15289	ENSG00000138663	gene	NA	NA
MACS_peak_15300	ENSG00000163625	gene	NA	NA
MACS_peak_15301	ENSG00000163625	gene	NA	NA
MACS_peak_15441	ENSG00000138785	gene	NA	NA
MACS_peak_15441	ENSG00000138780	gene	NA	NA
MACS_peak_15442	ENSG00000138785	gene	NA	NA
MACS_peak_15443	ENSG00000138785	gene	NA	NA
MACS_peak_15541	ENSG00000145375	gene	NA	NA
MACS_peak_15542	ENSG00000145375	gene	NA	NA
MACS_peak_15543	ENSG00000145375	gene	NA	NA
MACS_peak_15544	ENSG00000145375	gene	NA	NA
MACS_peak_15545	ENSG00000145375	gene	NA	NA
MACS_peak_15617	ENSG00000153130	gene	NA	NA
MACS_peak_15645	ENSG00000164162	gene	NA	NA
MACS_peak_15647	ENSG00000151611	gene	NA	NA
MACS_peak_15708	ENSG00000145431	gene	NA	NA
MACS_peak_15775	ENSG00000145439	gene	NA	NA
MACS_peak_15806	ENSG00000164118	gene	NA	NA
MACS_peak_15807	ENSG00000164118	gene	NA	NA
MACS_peak_16709	ENSG00000177879	promoter	NA	NA
MACS_peak_16884	ENSG00000197479	promoter	NA	NA
MACS_peak_16885	ENSG00000204956	promoter	NA	NA
MACS_peak_16886	ENSG00000204956	promoter	NA	NA
MACS_peak_16887	ENSG00000254221	promoter	NA	NA
MACS_peak_17146	ENSG00000145916	promoter	NA	NA
MACS_peak_15882	ENSG00000164151	gene	NA	NA
MACS_peak_15893	ENSG00000124275	gene	NA	NA
MACS_peak_15893	ENSG00000124279	gene	NA	NA
MACS_peak_15936	ENSG00000173545	gene	NA	NA
MACS_peak_16078	ENSG00000164190	gene	NA	NA
MACS_peak_16079	ENSG00000164190	gene	NA	NA
MACS_peak_16080	ENSG00000164190	gene	NA	NA
MACS_peak_16081	ENSG00000164190	gene	NA	NA
MACS_peak_16083	ENSG00000113569	gene	NA	NA
MACS_peak_16084	ENSG00000082068	gene	NA	NA
MACS_peak_16128	ENSG00000172262	gene	NA	NA
MACS_peak_16224	ENSG00000164171	gene	NA	NA
MACS_peak_16550	ENSG00000185261	gene	NA	NA
MACS_peak_16551	ENSG00000133302	gene	NA	NA
MACS_peak_16708	ENSG00000145782	gene	NA	NA
MACS_peak_16709	ENSG00000145782	gene	NA	NA
MACS_peak_16710	ENSG00000177879	gene	NA	NA
MACS_peak_16812	ENSG00000158987	gene	NA	NA
MACS_peak_16813	ENSG00000158987	gene	NA	NA
MACS_peak_16814	ENSG00000217128	gene	NA	NA
MACS_peak_16815	ENSG00000217128	gene	NA	NA
MACS_peak_16816	ENSG00000217128	gene	NA	NA
MACS_peak_16859	ENSG00000094880	gene	NA	NA
MACS_peak_16881	ENSG00000204969	gene	NA	NA
MACS_peak_16881	ENSG00000255408	gene	NA	NA
MACS_peak_16881	ENSG00000204967	gene	NA	NA
MACS_peak_16881	ENSG00000204965	gene	NA	NA
MACS_peak_16881	ENSG00000250120	gene	NA	NA
MACS_peak_16881	ENSG00000249158	gene	NA	NA
MACS_peak_16881	ENSG00000251664	gene	NA	NA
MACS_peak_16881	ENSG00000248383	gene	NA	NA
MACS_peak_16881	ENSG00000243232	gene	NA	NA
MACS_peak_16887	ENSG00000204956	gene	NA	NA
MACS_peak_16887	ENSG00000081853	gene	NA	NA
MACS_peak_16887	ENSG00000254245	gene	NA	NA
MACS_peak_16888	ENSG00000204956	gene	NA	NA
MACS_peak_16888	ENSG00000081853	gene	NA	NA
MACS_peak_16888	ENSG00000254245	gene	NA	NA
MACS_peak_16888	ENSG00000254221	gene	NA	NA
MACS_peak_16888	ENSG00000262576	gene	NA	NA
MACS_peak_16888	ENSG00000253910	gene	NA	NA
MACS_peak_16888	ENSG00000253485	gene	NA	NA
MACS_peak_16888	ENSG00000262209	gene	NA	NA
MACS_peak_16888	ENSG00000253731	gene	NA	NA
MACS_peak_16888	ENSG00000253537	gene	NA	NA
MACS_peak_16989	ENSG00000037749	gene	NA	NA
MACS_peak_17182	ENSG00000112685	promoter	NA	NA
MACS_peak_17382	ENSG00000204394	promoter	NA	NA
MACS_peak_17383	ENSG00000204392	promoter	NA	NA
MACS_peak_17400	ENSG00000112033	promoter	NA	NA
MACS_peak_17407	ENSG00000156711	promoter	NA	NA
MACS_peak_17436	ENSG00000112578	promoter	NA	NA
MACS_peak_17504	ENSG00000112118	promoter	NA	NA
MACS_peak_17841	ENSG00000112234	promoter	NA	NA
MACS_peak_18009	ENSG00000111907	promoter	NA	NA
MACS_peak_18167	ENSG00000181472	promoter	NA	NA
MACS_peak_17183	ENSG00000112685	gene	NA	NA
MACS_peak_17185	ENSG00000112685	gene	NA	NA
MACS_peak_17186	ENSG00000112685	gene	NA	NA
MACS_peak_17187	ENSG00000112685	gene	NA	NA
MACS_peak_17207	ENSG00000124570	gene	NA	NA
MACS_peak_17217	ENSG00000214113	gene	NA	NA
MACS_peak_17218	ENSG00000145982	gene	NA	NA
MACS_peak_17219	ENSG00000145982	gene	NA	NA
MACS_peak_17220	ENSG00000145982	gene	NA	NA
MACS_peak_17221	ENSG00000145982	gene	NA	NA
MACS_peak_17222	ENSG00000145982	gene	NA	NA
MACS_peak_17223	ENSG00000145982	gene	NA	NA
MACS_peak_17224	ENSG00000145982	gene	NA	NA
MACS_peak_17236	ENSG00000124783	gene	NA	NA
MACS_peak_17238	ENSG00000259040	gene	NA	NA
MACS_peak_17255	ENSG00000137210	gene	NA	NA
MACS_peak_17262	ENSG00000205269	gene	NA	NA
MACS_peak_17382	ENSG00000204396	gene	NA	NA
MACS_peak_17384	ENSG00000244731	gene	NA	NA
MACS_peak_17385	ENSG00000224389	gene	NA	NA
MACS_peak_17396	ENSG00000065060	gene	NA	NA
MACS_peak_17398	ENSG00000065029	gene	NA	NA
MACS_peak_17401	ENSG00000112033	gene	NA	NA
MACS_peak_17437	ENSG00000024048	gene	NA	NA
MACS_peak_17439	ENSG00000112624	gene	NA	NA
MACS_peak_17443	ENSG00000137216	gene	NA	NA
MACS_peak_17445	ENSG00000096401	gene	NA	NA
MACS_peak_17454	ENSG00000001561	gene	NA	NA
MACS_peak_17506	ENSG00000112146	gene	NA	NA
MACS_peak_17781	ENSG00000213204	gene	NA	NA
MACS_peak_17848	ENSG00000123552	gene	NA	NA
MACS_peak_17849	ENSG00000123552	gene	NA	NA
MACS_peak_18010	ENSG00000111907	gene	NA	NA
MACS_peak_18141	ENSG00000112425	gene	NA	NA
MACS_peak_18142	ENSG00000112425	gene	NA	NA
MACS_peak_18143	ENSG00000112425	gene	NA	NA
MACS_peak_18144	ENSG00000112425	gene	NA	NA
MACS_peak_18168	ENSG00000155906	gene	NA	NA
MACS_peak_18169	ENSG00000120262	gene	NA	NA
MACS_peak_18202	ENSG00000078269	gene	NA	NA
MACS_peak_18204	ENSG00000130338	gene	NA	NA
MACS_peak_18468	ENSG00000122565	promoter	NA	NA
MACS_peak_18473	ENSG00000106006	promoter	NA	NA
MACS_peak_18474	ENSG00000122592	promoter	NA	NA
MACS_peak_18512	ENSG00000105778	promoter	NA	NA
MACS_peak_19099	ENSG00000168255	promoter	NA	NA
MACS_peak_18262	ENSG00000164828	gene	NA	NA
MACS_peak_18263	ENSG00000240230	gene	NA	NA
MACS_peak_18264	ENSG00000146540	gene	NA	NA
MACS_peak_18274	ENSG00000002822	gene	NA	NA
MACS_peak_18275	ENSG00000106268	gene	NA	NA
MACS_peak_18277	ENSG00000106263	gene	NA	NA
MACS_peak_18278	ENSG00000106263	gene	NA	NA
MACS_peak_18281	ENSG00000146535	gene	NA	NA
MACS_peak_18308	ENSG00000011275	gene	NA	NA
MACS_peak_18309	ENSG00000011275	gene	NA	NA
MACS_peak_18310	ENSG00000011275	gene	NA	NA
MACS_peak_18312	ENSG00000122512	gene	NA	NA
MACS_peak_18313	ENSG00000122512	gene	NA	NA
MACS_peak_18314	ENSG00000106346	gene	NA	NA
MACS_peak_18318	ENSG00000164535	gene	NA	NA
MACS_peak_18319	ENSG00000164535	gene	NA	NA
MACS_peak_18319	ENSG00000136240	gene	NA	NA
MACS_peak_18333	ENSG00000215018	gene	NA	NA
MACS_peak_18334	ENSG00000164654	gene	NA	NA
MACS_peak_18335	ENSG00000106399	gene	NA	NA
MACS_peak_18335	ENSG00000219545	gene	NA	NA
MACS_peak_18337	ENSG00000106399	gene	NA	NA
MACS_peak_18337	ENSG00000219545	gene	NA	NA
MACS_peak_18409	ENSG00000071189	gene	NA	NA
MACS_peak_18444	ENSG00000136243	gene	NA	NA
MACS_peak_18473	ENSG00000105997	gene	NA	NA
MACS_peak_18474	ENSG00000105997	gene	NA	NA
MACS_peak_18477	ENSG00000106052	gene	NA	NA
MACS_peak_18488	ENSG00000106105	gene	NA	NA
MACS_peak_18512	ENSG00000106355	gene	NA	NA
MACS_peak_18513	ENSG00000105778	gene	NA	NA
MACS_peak_18522	ENSG00000122507	gene	NA	NA
MACS_peak_18523	ENSG00000122507	gene	NA	NA
MACS_peak_18524	ENSG00000122507	gene	NA	NA
MACS_peak_18525	ENSG00000122507	gene	NA	NA
MACS_peak_18526	ENSG00000122507	gene	NA	NA
MACS_peak_18527	ENSG00000122507	gene	NA	NA
MACS_peak_18528	ENSG00000122507	gene	NA	NA
MACS_peak_18564	ENSG00000086288	gene	NA	NA
MACS_peak_18593	ENSG00000015676	gene	NA	NA
MACS_peak_18785	ENSG00000234444	gene	NA	NA
MACS_peak_18786	ENSG00000196247	gene	NA	NA
MACS_peak_18823	ENSG00000196313	gene	NA	NA
MACS_peak_18839	ENSG00000272391	gene	NA	NA
MACS_peak_18840	ENSG00000272391	gene	NA	NA
MACS_peak_18845	ENSG00000005486	gene	NA	NA
MACS_peak_18846	ENSG00000127948	gene	NA	NA
MACS_peak_18942	ENSG00000135164	gene	NA	NA
MACS_peak_19076	ENSG00000066923	gene	NA	NA
MACS_peak_19076	ENSG00000239521	gene	NA	NA
MACS_peak_19077	ENSG00000066923	gene	NA	NA
MACS_peak_19077	ENSG00000239521	gene	NA	NA
MACS_peak_19100	ENSG00000168255	gene	NA	NA
MACS_peak_19101	ENSG00000168255	gene	NA	NA
MACS_peak_19102	ENSG00000168255	gene	NA	NA
MACS_peak_19230	ENSG00000105971	gene	NA	NA
MACS_peak_19231	ENSG00000105971	gene	NA	NA
MACS_peak_19232	ENSG00000105974	gene	NA	NA
MACS_peak_19260	ENSG00000106025	gene	NA	NA
MACS_peak_19261	ENSG00000106025	gene	NA	NA
MACS_peak_19351	ENSG00000106554	gene	NA	NA
MACS_peak_19353	ENSG00000131558	gene	NA	NA
MACS_peak_19354	ENSG00000131558	gene	NA	NA
MACS_peak_19580	ENSG00000154328	promoter	NA	NA
MACS_peak_19801	ENSG00000023287	promoter	NA	NA
MACS_peak_20065	ENSG00000085719	promoter	NA	NA
MACS_peak_20464	ENSG00000147679	promoter	NA	NA
MACS_peak_20706	ENSG00000130193	promoter	NA	NA
MACS_peak_20723	ENSG00000160957	promoter	NA	NA
MACS_peak_19575	ENSG00000173273	gene	NA	NA
MACS_peak_19576	ENSG00000173273	gene	NA	NA
MACS_peak_19579	ENSG00000104643	gene	NA	NA
MACS_peak_19614	ENSG00000078674	gene	NA	NA
MACS_peak_19615	ENSG00000078674	gene	NA	NA
MACS_peak_19623	ENSG00000104611	gene	NA	NA
MACS_peak_19624	ENSG00000104611	gene	NA	NA
MACS_peak_19638	ENSG00000104635	gene	NA	NA
MACS_peak_19639	ENSG00000120910	gene	NA	NA
MACS_peak_19640	ENSG00000120896	gene	NA	NA
MACS_peak_19641	ENSG00000120896	gene	NA	NA
MACS_peak_19655	ENSG00000147459	gene	NA	NA
MACS_peak_19663	ENSG00000104765	gene	NA	NA
MACS_peak_19664	ENSG00000092964	gene	NA	NA
MACS_peak_19670	ENSG00000120899	gene	NA	NA
MACS_peak_19674	ENSG00000012232	gene	NA	NA
MACS_peak_19675	ENSG00000104299	gene	NA	NA
MACS_peak_19676	ENSG00000147421	gene	NA	NA
MACS_peak_19688	ENSG00000129696	gene	NA	NA
MACS_peak_19688	ENSG00000198042	gene	NA	NA
MACS_peak_19716	ENSG00000158669	gene	NA	NA
MACS_peak_19776	ENSG00000253729	gene	NA	NA
MACS_peak_19802	ENSG00000023287	gene	NA	NA
MACS_peak_19803	ENSG00000023287	gene	NA	NA
MACS_peak_19812	ENSG00000047249	gene	NA	NA
MACS_peak_19813	ENSG00000187735	gene	NA	NA
MACS_peak_19836	ENSG00000104331	gene	NA	NA
MACS_peak_19854	ENSG00000104388	gene	NA	NA
MACS_peak_19855	ENSG00000104388	gene	NA	NA
MACS_peak_19894	ENSG00000185697	gene	NA	NA
MACS_peak_19895	ENSG00000185697	gene	NA	NA
MACS_peak_19915	ENSG00000140396	gene	NA	NA
MACS_peak_19916	ENSG00000140396	gene	NA	NA
MACS_peak_19935	ENSG00000147601	gene	NA	NA
MACS_peak_19941	ENSG00000040341	gene	NA	NA
MACS_peak_19942	ENSG00000040341	gene	NA	NA
MACS_peak_19992	ENSG00000276418	gene	NA	NA
MACS_peak_19993	ENSG00000276418	gene	NA	NA
MACS_peak_19994	ENSG00000276418	gene	NA	NA
MACS_peak_19995	ENSG00000276418	gene	NA	NA
MACS_peak_19996	ENSG00000276418	gene	NA	NA
MACS_peak_19996	ENSG00000076554	gene	NA	NA
MACS_peak_19997	ENSG00000076554	gene	NA	NA
MACS_peak_19998	ENSG00000076554	gene	NA	NA
MACS_peak_20066	ENSG00000085719	gene	NA	NA
MACS_peak_20125	ENSG00000104320	gene	NA	NA
MACS_peak_20126	ENSG00000104320	gene	NA	NA
MACS_peak_20127	ENSG00000104320	gene	NA	NA
MACS_peak_20128	ENSG00000104320	gene	NA	NA
MACS_peak_20129	ENSG00000104320	gene	NA	NA
MACS_peak_20130	ENSG00000104320	gene	NA	NA
MACS_peak_20191	ENSG00000175895	gene	NA	NA
MACS_peak_20203	ENSG00000104324	gene	NA	NA
MACS_peak_20204	ENSG00000104324	gene	NA	NA
MACS_peak_20205	ENSG00000104324	gene	NA	NA
MACS_peak_20206	ENSG00000104324	gene	NA	NA
MACS_peak_20207	ENSG00000104324	gene	NA	NA
MACS_peak_20208	ENSG00000104324	gene	NA	NA
MACS_peak_20210	ENSG00000104324	gene	NA	NA
MACS_peak_20211	ENSG00000104324	gene	NA	NA
MACS_peak_20287	ENSG00000104517	gene	NA	NA
MACS_peak_20295	ENSG00000155097	gene	NA	NA
MACS_peak_20392	ENSG00000120526	gene	NA	NA
MACS_peak_20393	ENSG00000120526	gene	NA	NA
MACS_peak_20395	ENSG00000120526	gene	NA	NA
MACS_peak_20399	ENSG00000147654	gene	NA	NA
MACS_peak_20400	ENSG00000147654	gene	NA	NA
MACS_peak_20499	ENSG00000172172	gene	NA	NA
MACS_peak_20500	ENSG00000172172	gene	NA	NA
MACS_peak_20501	ENSG00000172167	gene	NA	NA
MACS_peak_20559	ENSG00000176853	gene	NA	NA
MACS_peak_20575	ENSG00000156831	gene	NA	NA
MACS_peak_20576	ENSG00000156831	gene	NA	NA
MACS_peak_20577	ENSG00000156831	gene	NA	NA
MACS_peak_20578	ENSG00000156831	gene	NA	NA
MACS_peak_20650	ENSG00000129295	gene	NA	NA
MACS_peak_20651	ENSG00000129292	gene	NA	NA
MACS_peak_20652	ENSG00000129292	gene	NA	NA
MACS_peak_20687	ENSG00000167632	gene	NA	NA
MACS_peak_20688	ENSG00000167632	gene	NA	NA
MACS_peak_20689	ENSG00000167632	gene	NA	NA
MACS_peak_20690	ENSG00000167632	gene	NA	NA
MACS_peak_20692	ENSG00000169398	gene	NA	NA
MACS_peak_20693	ENSG00000169398	gene	NA	NA
MACS_peak_20703	ENSG00000171045	gene	NA	NA
MACS_peak_20717	ENSG00000203499	gene	NA	NA
MACS_peak_20718	ENSG00000203499	gene	NA	NA
MACS_peak_20721	ENSG00000179832	gene	NA	NA
MACS_peak_20722	ENSG00000160949	gene	NA	NA
MACS_peak_20723	ENSG00000167700	gene	NA	NA
MACS_peak_20724	ENSG00000147799	gene	NA	NA
MACS_peak_20725	ENSG00000198169	gene	NA	NA
MACS_peak_20726	ENSG00000197363	gene	NA	NA
MACS_peak_21230	ENSG00000083223	promoter	NA	NA
MACS_peak_21317	ENSG00000136925	promoter	NA	NA
MACS_peak_21349	ENSG00000155827	promoter	NA	NA
MACS_peak_21465	ENSG00000136875	promoter	NA	NA
MACS_peak_21568	ENSG00000119414	promoter	NA	NA
MACS_peak_21584	ENSG00000177125	promoter	NA	NA
MACS_peak_21596	ENSG00000148334	promoter	NA	NA
MACS_peak_21599	ENSG00000167110	promoter	NA	NA
MACS_peak_21605	ENSG00000198917	promoter	NA	NA
MACS_peak_21638	ENSG00000107290	promoter	NA	NA
MACS_peak_21651	ENSG00000148300	promoter	NA	NA
MACS_peak_21671	ENSG00000213213	promoter	NA	NA
MACS_peak_21676	ENSG00000198569	promoter	NA	NA
MACS_peak_20748	ENSG00000080503	gene	NA	NA
MACS_peak_20749	ENSG00000080608	gene	NA	NA
MACS_peak_20765	ENSG00000096968	gene	NA	NA
MACS_peak_20844	ENSG00000099810	gene	NA	NA
MACS_peak_20905	ENSG00000086062	gene	NA	NA
MACS_peak_20930	ENSG00000122741	gene	NA	NA
MACS_peak_21107	ENSG00000147996	gene	NA	NA
MACS_peak_21154	ENSG00000106733	gene	NA	NA
MACS_peak_21167	ENSG00000197969	gene	NA	NA
MACS_peak_21172	ENSG00000156052	gene	NA	NA
MACS_peak_21173	ENSG00000156052	gene	NA	NA
MACS_peak_21247	ENSG00000130045	gene	NA	NA
MACS_peak_21248	ENSG00000130045	gene	NA	NA
MACS_peak_21277	ENSG00000165233	gene	NA	NA
MACS_peak_21330	ENSG00000106803	gene	NA	NA
MACS_peak_21334	ENSG00000136874	gene	NA	NA
MACS_peak_21336	ENSG00000119509	gene	NA	NA
MACS_peak_21337	ENSG00000136891	gene	NA	NA
MACS_peak_21350	ENSG00000155827	gene	NA	NA
MACS_peak_21401	ENSG00000119318	gene	NA	NA
MACS_peak_21402	ENSG00000119318	gene	NA	NA
MACS_peak_21459	ENSG00000148153	gene	NA	NA
MACS_peak_21464	ENSG00000119321	gene	NA	NA
MACS_peak_21466	ENSG00000136875	gene	NA	NA
MACS_peak_21526	ENSG00000119396	gene	NA	NA
MACS_peak_21527	ENSG00000119396	gene	NA	NA
MACS_peak_21548	ENSG00000136940	gene	NA	NA
MACS_peak_21561	ENSG00000136930	gene	NA	NA
MACS_peak_21566	ENSG00000173611	gene	NA	NA
MACS_peak_21567	ENSG00000173611	gene	NA	NA
MACS_peak_21591	ENSG00000136807	gene	NA	NA
MACS_peak_21603	ENSG00000160445	gene	NA	NA
MACS_peak_21609	ENSG00000119383	gene	NA	NA
MACS_peak_21610	ENSG00000119383	gene	NA	NA
MACS_peak_21613	ENSG00000148335	gene	NA	NA
MACS_peak_21614	ENSG00000148335	gene	NA	NA
MACS_peak_21616	ENSG00000136816	gene	NA	NA
MACS_peak_21620	ENSG00000148358	gene	NA	NA
MACS_peak_21621	ENSG00000148358	gene	NA	NA
MACS_peak_21625	ENSG00000097007	gene	NA	NA
MACS_peak_21626	ENSG00000097007	gene	NA	NA
MACS_peak_21627	ENSG00000097007	gene	NA	NA
MACS_peak_21629	ENSG00000126883	gene	NA	NA
MACS_peak_21633	ENSG00000130723	gene	NA	NA
MACS_peak_21636	ENSG00000160563	gene	NA	NA
MACS_peak_21639	ENSG00000107290	gene	NA	NA
MACS_peak_21640	ENSG00000125485	gene	NA	NA
MACS_peak_21641	ENSG00000125485	gene	NA	NA
MACS_peak_21642	ENSG00000125484	gene	NA	NA
MACS_peak_21643	ENSG00000165695	gene	NA	NA
MACS_peak_21644	ENSG00000165695	gene	NA	NA
MACS_peak_21646	ENSG00000148308	gene	NA	NA
MACS_peak_21650	ENSG00000148296	gene	NA	NA
MACS_peak_21663	ENSG00000160345	gene	NA	NA
MACS_peak_21663	ENSG00000122140	gene	NA	NA
MACS_peak_21667	ENSG00000130559	gene	NA	NA
MACS_peak_21673	ENSG00000186193	gene	NA	NA
MACS_peak_21678	ENSG00000188986	gene	NA	NA
MACS_peak_21684	ENSG00000148399	gene	NA	NA
MACS_peak_1949	ENSG00000134453	promoter	NA	NA
MACS_peak_2018	ENSG00000165630	promoter	NA	NA
MACS_peak_2070	ENSG00000120594	promoter	NA	NA
MACS_peak_2775	ENSG00000166136	promoter	NA	NA
MACS_peak_2778	ENSG00000107816	promoter	NA	NA
MACS_peak_1906	ENSG00000015171	gene	NA	NA
MACS_peak_1907	ENSG00000015171	gene	NA	NA
MACS_peak_1911	ENSG00000107929	gene	NA	NA
MACS_peak_1912	ENSG00000047056	gene	NA	NA
MACS_peak_1996	ENSG00000181192	gene	NA	NA
MACS_peak_1997	ENSG00000151465	gene	NA	NA
MACS_peak_2019	ENSG00000165630	gene	NA	NA
MACS_peak_2025	ENSG00000152457	gene	NA	NA
MACS_peak_2028	ENSG00000152464	gene	NA	NA
MACS_peak_2054	ENSG00000241058	gene	NA	NA
MACS_peak_2055	ENSG00000241058	gene	NA	NA
MACS_peak_2056	ENSG00000241058	gene	NA	NA
MACS_peak_2060	ENSG00000204740	gene	NA	NA
MACS_peak_2061	ENSG00000204740	gene	NA	NA
MACS_peak_2062	ENSG00000204740	gene	NA	NA
MACS_peak_2065	ENSG00000204740	gene	NA	NA
MACS_peak_2066	ENSG00000204740	gene	NA	NA
MACS_peak_2067	ENSG00000204740	gene	NA	NA
MACS_peak_2068	ENSG00000204740	gene	NA	NA
MACS_peak_2069	ENSG00000204740	gene	NA	NA
MACS_peak_2089	ENSG00000136770	gene	NA	NA
MACS_peak_2090	ENSG00000136770	gene	NA	NA
MACS_peak_2091	ENSG00000136770	gene	NA	NA
MACS_peak_2092	ENSG00000136770	gene	NA	NA
MACS_peak_2093	ENSG00000136770	gene	NA	NA
MACS_peak_2094	ENSG00000136770	gene	NA	NA
MACS_peak_2135	ENSG00000107890	gene	NA	NA
MACS_peak_2196	ENSG00000108100	gene	NA	NA
MACS_peak_2198	ENSG00000108100	gene	NA	NA
MACS_peak_2378	ENSG00000165406	gene	NA	NA
MACS_peak_2379	ENSG00000172671	gene	NA	NA
MACS_peak_2386	ENSG00000204176	gene	NA	NA
MACS_peak_2414	ENSG00000225830	gene	NA	NA
MACS_peak_2417	ENSG00000227345	gene	NA	NA
MACS_peak_2482	ENSG00000151151	gene	NA	NA
MACS_peak_2504	ENSG00000138311	gene	NA	NA
MACS_peak_2509	ENSG00000171988	gene	NA	NA
MACS_peak_2510	ENSG00000171988	gene	NA	NA
MACS_peak_2556	ENSG00000156515	gene	NA	NA
MACS_peak_2557	ENSG00000156515	gene	NA	NA
MACS_peak_2569	ENSG00000122882	gene	NA	NA
MACS_peak_2573	ENSG00000156110	gene	NA	NA
MACS_peak_2574	ENSG00000156110	gene	NA	NA
MACS_peak_2579	ENSG00000165637	gene	NA	NA
MACS_peak_2596	ENSG00000148606	gene	NA	NA
MACS_peak_2667	ENSG00000148672	gene	NA	NA
MACS_peak_2668	ENSG00000122376	gene	NA	NA
MACS_peak_2675	ENSG00000171862	gene	NA	NA
MACS_peak_2686	ENSG00000138182	gene	NA	NA
MACS_peak_2693	ENSG00000148688	gene	NA	NA
MACS_peak_2709	ENSG00000198060	gene	NA	NA
MACS_peak_2710	ENSG00000119912	gene	NA	NA
MACS_peak_2722	ENSG00000176273	gene	NA	NA
MACS_peak_2723	ENSG00000138193	gene	NA	NA
MACS_peak_2724	ENSG00000138193	gene	NA	NA
MACS_peak_2725	ENSG00000138193	gene	NA	NA
MACS_peak_2747	ENSG00000052749	gene	NA	NA
MACS_peak_2751	ENSG00000166024	gene	NA	NA
MACS_peak_2752	ENSG00000166024	gene	NA	NA
MACS_peak_2773	ENSG00000095485	gene	NA	NA
MACS_peak_2779	ENSG00000186862	gene	NA	NA
MACS_peak_2780	ENSG00000107819	gene	NA	NA
MACS_peak_2786	ENSG00000120029	gene	NA	NA
MACS_peak_2789	ENSG00000138107	gene	NA	NA
MACS_peak_2790	ENSG00000107882	gene	NA	NA
MACS_peak_2797	ENSG00000065613	gene	NA	NA
MACS_peak_2840	ENSG00000108039	gene	NA	NA
MACS_peak_2843	ENSG00000108061	gene	NA	NA
MACS_peak_2884	ENSG00000151893	gene	NA	NA
MACS_peak_2891	ENSG00000197771	gene	NA	NA
MACS_peak_2898	ENSG00000138162	gene	NA	NA
MACS_peak_2903	ENSG00000213185	gene	NA	NA
MACS_peak_2915	ENSG00000203780	gene	NA	NA
MACS_peak_2955	ENSG00000130640	gene	NA	NA
MACS_peak_2957	ENSG00000214279	gene	NA	NA
MACS_peak_3234	ENSG00000110442	promoter	NA	NA
MACS_peak_3497	ENSG00000174851	promoter	NA	NA
MACS_peak_3501	ENSG00000175482	promoter	NA	NA
MACS_peak_3543	ENSG00000186635	promoter	NA	NA
MACS_peak_2966	ENSG00000177951	gene	NA	NA
MACS_peak_2967	ENSG00000177951	gene	NA	NA
MACS_peak_2970	ENSG00000070047	gene	NA	NA
MACS_peak_2972	ENSG00000214026	gene	NA	NA
MACS_peak_3025	ENSG00000184014	gene	NA	NA
MACS_peak_3043	ENSG00000148925	gene	NA	NA
MACS_peak_3058	ENSG00000129083	gene	NA	NA
MACS_peak_3059	ENSG00000129084	gene	NA	NA
MACS_peak_3060	ENSG00000129084	gene	NA	NA
MACS_peak_3061	ENSG00000129084	gene	NA	NA
MACS_peak_3085	ENSG00000166689	gene	NA	NA
MACS_peak_3086	ENSG00000166689	gene	NA	NA
MACS_peak_3090	ENSG00000129158	gene	NA	NA
MACS_peak_3091	ENSG00000129158	gene	NA	NA
MACS_peak_3092	ENSG00000129158	gene	NA	NA
MACS_peak_3093	ENSG00000129158	gene	NA	NA
MACS_peak_3094	ENSG00000129158	gene	NA	NA
MACS_peak_3098	ENSG00000074319	gene	NA	NA
MACS_peak_3179	ENSG00000169519	gene	NA	NA
MACS_peak_3208	ENSG00000109911	gene	NA	NA
MACS_peak_3209	ENSG00000109911	gene	NA	NA
MACS_peak_3210	ENSG00000109911	gene	NA	NA
MACS_peak_3218	ENSG00000060749	gene	NA	NA
MACS_peak_3227	ENSG00000110435	gene	NA	NA
MACS_peak_3228	ENSG00000110435	gene	NA	NA
MACS_peak_3229	ENSG00000110435	gene	NA	NA
MACS_peak_3231	ENSG00000166326	gene	NA	NA
MACS_peak_3232	ENSG00000166326	gene	NA	NA
MACS_peak_3233	ENSG00000166326	gene	NA	NA
MACS_peak_3289	ENSG00000135365	gene	NA	NA
MACS_peak_3296	ENSG00000110497	gene	NA	NA
MACS_peak_3297	ENSG00000110497	gene	NA	NA
MACS_peak_3298	ENSG00000110497	gene	NA	NA
MACS_peak_3299	ENSG00000175216	gene	NA	NA
MACS_peak_3302	ENSG00000025434	gene	NA	NA
MACS_peak_3305	ENSG00000149187	gene	NA	NA
MACS_peak_3306	ENSG00000109920	gene	NA	NA
MACS_peak_3499	ENSG00000173898	gene	NA	NA
MACS_peak_3500	ENSG00000173120	gene	NA	NA
MACS_peak_3501	ENSG00000172613	gene	NA	NA
MACS_peak_3502	ENSG00000172613	gene	NA	NA
MACS_peak_3503	ENSG00000172613	gene	NA	NA
MACS_peak_3511	ENSG00000110066	gene	NA	NA
MACS_peak_3512	ENSG00000162337	gene	NA	NA
MACS_peak_3514	ENSG00000132749	gene	NA	NA
MACS_peak_3517	ENSG00000162341	gene	NA	NA
MACS_peak_3518	ENSG00000149716	gene	NA	NA
MACS_peak_3526	ENSG00000172890	gene	NA	NA
MACS_peak_3533	ENSG00000158483	gene	NA	NA
MACS_peak_3536	ENSG00000137497	gene	NA	NA
MACS_peak_3540	ENSG00000162129	gene	NA	NA
MACS_peak_3544	ENSG00000137478	gene	NA	NA
MACS_peak_3550	ENSG00000110237	gene	NA	NA
MACS_peak_3551	ENSG00000054967	gene	NA	NA
MACS_peak_3552	ENSG00000054965	gene	NA	NA
MACS_peak_3553	ENSG00000054965	gene	NA	NA
MACS_peak_3555	ENSG00000175582	gene	NA	NA
MACS_peak_3556	ENSG00000175581	gene	NA	NA
MACS_peak_3564	ENSG00000077514	gene	NA	NA
MACS_peak_3566	ENSG00000166439	gene	NA	NA
MACS_peak_3567	ENSG00000166439	gene	NA	NA
MACS_peak_3568	ENSG00000166439	gene	NA	NA
MACS_peak_3569	ENSG00000166439	gene	NA	NA
MACS_peak_3593	ENSG00000078124	gene	NA	NA
MACS_peak_3594	ENSG00000078124	gene	NA	NA
MACS_peak_3595	ENSG00000078124	gene	NA	NA
MACS_peak_3600	ENSG00000149269	gene	NA	NA
MACS_peak_3601	ENSG00000149269	gene	NA	NA
MACS_peak_3602	ENSG00000149269	gene	NA	NA
MACS_peak_3604	ENSG00000074201	gene	NA	NA
MACS_peak_3605	ENSG00000048649	gene	NA	NA
MACS_peak_3606	ENSG00000087884	gene	NA	NA
MACS_peak_3606	ENSG00000149262	gene	NA	NA
MACS_peak_3607	ENSG00000149262	gene	NA	NA
MACS_peak_3608	ENSG00000159063	gene	NA	NA
MACS_peak_3609	ENSG00000033327	gene	NA	NA
MACS_peak_3650	ENSG00000137509	gene	NA	NA
MACS_peak_3676	ENSG00000073921	gene	NA	NA
MACS_peak_3678	ENSG00000149196	gene	NA	NA
MACS_peak_3681	ENSG00000151376	gene	NA	NA
MACS_peak_3682	ENSG00000151376	gene	NA	NA
MACS_peak_3683	ENSG00000151376	gene	NA	NA
MACS_peak_3684	ENSG00000151376	gene	NA	NA
MACS_peak_3685	ENSG00000150687	gene	NA	NA
MACS_peak_3686	ENSG00000150687	gene	NA	NA
MACS_peak_3750	ENSG00000087053	gene	NA	NA
MACS_peak_3785	ENSG00000187240	gene	NA	NA
MACS_peak_3786	ENSG00000187240	gene	NA	NA
MACS_peak_3787	ENSG00000187240	gene	NA	NA
MACS_peak_3802	ENSG00000152404	gene	NA	NA
MACS_peak_3803	ENSG00000152404	gene	NA	NA
MACS_peak_3804	ENSG00000152404	gene	NA	NA
MACS_peak_3805	ENSG00000110660	gene	NA	NA
MACS_peak_3807	ENSG00000149311	gene	NA	NA
MACS_peak_3808	ENSG00000149311	gene	NA	NA
MACS_peak_3809	ENSG00000149311	gene	NA	NA
MACS_peak_3811	ENSG00000178105	gene	NA	NA
MACS_peak_3812	ENSG00000178105	gene	NA	NA
MACS_peak_3835	ENSG00000086827	gene	NA	NA
MACS_peak_3870	ENSG00000118058	gene	NA	NA
MACS_peak_3871	ENSG00000118096	gene	NA	NA
MACS_peak_3875	ENSG00000110367	gene	NA	NA
MACS_peak_3876	ENSG00000186166	gene	NA	NA
MACS_peak_3905	ENSG00000197798	gene	NA	NA
MACS_peak_3906	ENSG00000110063	gene	NA	NA
MACS_peak_3910	ENSG00000134909	gene	NA	NA
MACS_peak_3911	ENSG00000134909	gene	NA	NA
MACS_peak_3912	ENSG00000134909	gene	NA	NA
MACS_peak_3933	ENSG00000151498	gene	NA	NA
MACS_peak_3981	ENSG00000111678	promoter	NA	NA
MACS_peak_4243	ENSG00000189079	promoter	NA	NA
MACS_peak_4319	ENSG00000170421	promoter	NA	NA
MACS_peak_4330	ENSG00000172789	promoter	NA	NA
MACS_peak_4366	ENSG00000062485	promoter	NA	NA
MACS_peak_4373	ENSG00000076108	promoter	NA	NA
MACS_peak_4789	ENSG00000180263	promoter	NA	NA
MACS_peak_4904	ENSG00000013503	promoter	NA	NA
MACS_peak_4935	ENSG00000111229	promoter	NA	NA
MACS_peak_4936	ENSG00000111229	promoter	NA	NA
MACS_peak_5024	ENSG00000033030	promoter	NA	NA
MACS_peak_5033	ENSG00000086598	promoter	NA	NA
MACS_peak_3950	ENSG00000078246	gene	NA	NA
MACS_peak_3962	ENSG00000047621	gene	NA	NA
MACS_peak_3963	ENSG00000047621	gene	NA	NA
MACS_peak_3964	ENSG00000010219	gene	NA	NA
MACS_peak_3981	ENSG00000111676	gene	NA	NA
MACS_peak_3983	ENSG00000215009	gene	NA	NA
MACS_peak_4021	ENSG00000165714	gene	NA	NA
MACS_peak_4022	ENSG00000165714	gene	NA	NA
MACS_peak_4024	ENSG00000084444	gene	NA	NA
MACS_peak_4025	ENSG00000084444	gene	NA	NA
MACS_peak_4032	ENSG00000070019	gene	NA	NA
MACS_peak_4034	ENSG00000182993	gene	NA	NA
MACS_peak_4089	ENSG00000123096	gene	NA	NA
MACS_peak_4095	ENSG00000152944	gene	NA	NA
MACS_peak_4107	ENSG00000123106	gene	NA	NA
MACS_peak_4108	ENSG00000123106	gene	NA	NA
MACS_peak_4127	ENSG00000087470	gene	NA	NA
MACS_peak_4221	ENSG00000134283	gene	NA	NA
MACS_peak_4244	ENSG00000189079	gene	NA	NA
MACS_peak_4330	ENSG00000198353	gene	NA	NA
MACS_peak_4360	ENSG00000170473	gene	NA	NA
MACS_peak_4463	ENSG00000183735	gene	NA	NA
MACS_peak_4505	ENSG00000175782	gene	NA	NA
MACS_peak_4506	ENSG00000135679	gene	NA	NA
MACS_peak_4507	ENSG00000135679	gene	NA	NA
MACS_peak_4750	ENSG00000139323	gene	NA	NA
MACS_peak_4751	ENSG00000139323	gene	NA	NA
MACS_peak_4751	ENSG00000257594	gene	NA	NA
MACS_peak_4777	ENSG00000177889	gene	NA	NA
MACS_peak_4779	ENSG00000169372	gene	NA	NA
MACS_peak_4839	ENSG00000136021	gene	NA	NA
MACS_peak_4857	ENSG00000075188	gene	NA	NA
MACS_peak_4858	ENSG00000075188	gene	NA	NA
MACS_peak_4903	ENSG00000136026	gene	NA	NA
MACS_peak_4905	ENSG00000013503	gene	NA	NA
MACS_peak_4906	ENSG00000013503	gene	NA	NA
MACS_peak_4908	ENSG00000111785	gene	NA	NA
MACS_peak_4924	ENSG00000084112	gene	NA	NA
MACS_peak_4943	ENSG00000204842	gene	NA	NA
MACS_peak_4944	ENSG00000204842	gene	NA	NA
MACS_peak_4948	ENSG00000111300	gene	NA	NA
MACS_peak_4949	ENSG00000135148	gene	NA	NA
MACS_peak_4950	ENSG00000173064	gene	NA	NA
MACS_peak_4960	ENSG00000123064	gene	NA	NA
MACS_peak_4961	ENSG00000122965	gene	NA	NA
MACS_peak_4984	ENSG00000111707	gene	NA	NA
MACS_peak_5004	ENSG00000022840	gene	NA	NA
MACS_peak_5008	ENSG00000157837	gene	NA	NA
MACS_peak_5013	ENSG00000110931	gene	NA	NA
MACS_peak_5014	ENSG00000089094	gene	NA	NA
MACS_peak_5015	ENSG00000089094	gene	NA	NA
MACS_peak_5016	ENSG00000089094	gene	NA	NA
MACS_peak_5022	ENSG00000130779	gene	NA	NA
MACS_peak_5023	ENSG00000130779	gene	NA	NA
MACS_peak_5029	ENSG00000111328	gene	NA	NA
MACS_peak_5030	ENSG00000139697	gene	NA	NA
MACS_peak_5034	ENSG00000197653	gene	NA	NA
MACS_peak_5035	ENSG00000197653	gene	NA	NA
MACS_peak_5093	ENSG00000090615	gene	NA	NA
MACS_peak_5759	ENSG00000213903	promoter	NA	NA
MACS_peak_5709	ENSG00000258818	gene	NA	NA
MACS_peak_5709	ENSG00000214274	gene	NA	NA
MACS_peak_5709	ENSG00000259171	gene	NA	NA
MACS_peak_5753	ENSG00000187630	gene	NA	NA
MACS_peak_5759	ENSG00000213906	gene	NA	NA
MACS_peak_5881	ENSG00000183032	gene	NA	NA
MACS_peak_5883	ENSG00000183032	gene	NA	NA
MACS_peak_5884	ENSG00000183032	gene	NA	NA
MACS_peak_5885	ENSG00000183032	gene	NA	NA
MACS_peak_5886	ENSG00000183032	gene	NA	NA
MACS_peak_5887	ENSG00000183032	gene	NA	NA
MACS_peak_5888	ENSG00000183032	gene	NA	NA
MACS_peak_5889	ENSG00000151338	gene	NA	NA
MACS_peak_5890	ENSG00000151338	gene	NA	NA
MACS_peak_5891	ENSG00000151338	gene	NA	NA
MACS_peak_5892	ENSG00000151338	gene	NA	NA
MACS_peak_6057	ENSG00000100503	gene	NA	NA
MACS_peak_6058	ENSG00000100503	gene	NA	NA
MACS_peak_6059	ENSG00000100503	gene	NA	NA
MACS_peak_6446	ENSG00000133962	gene	NA	NA
MACS_peak_6447	ENSG00000133962	gene	NA	NA
MACS_peak_6717	ENSG00000171262	promoter	NA	NA
MACS_peak_6738	ENSG00000259330	promoter	NA	NA
MACS_peak_6739	ENSG00000104142	promoter	NA	NA
MACS_peak_6742	ENSG00000137806	promoter	NA	NA
MACS_peak_6754	ENSG00000137822	promoter	NA	NA
MACS_peak_6756	ENSG00000223572	promoter	NA	NA
MACS_peak_6760	ENSG00000166734	promoter	NA	NA
MACS_peak_6790	ENSG00000166262	promoter	NA	NA
MACS_peak_6814	ENSG00000081014	promoter	NA	NA
MACS_peak_6974	ENSG00000166233	promoter	NA	NA
MACS_peak_7036	ENSG00000136381	promoter	NA	NA
MACS_peak_7129	ENSG00000259494	promoter	NA	NA
MACS_peak_7253	ENSG00000131871	promoter	NA	NA
MACS_peak_6605	ENSG00000273749	gene	NA	NA
MACS_peak_6630	ENSG00000128739	gene	NA	NA
MACS_peak_6639	ENSG00000128731	gene	NA	NA
MACS_peak_6652	ENSG00000104067	gene	NA	NA
MACS_peak_6673	ENSG00000198690	gene	NA	NA
MACS_peak_6695	ENSG00000134153	gene	NA	NA
MACS_peak_6718	ENSG00000171262	gene	NA	NA
MACS_peak_6741	ENSG00000128908	gene	NA	NA
MACS_peak_6747	ENSG00000166887	gene	NA	NA
MACS_peak_6748	ENSG00000137814	gene	NA	NA
MACS_peak_6750	ENSG00000137842	gene	NA	NA
MACS_peak_6751	ENSG00000137842	gene	NA	NA
MACS_peak_6754	ENSG00000140265	gene	NA	NA
MACS_peak_6755	ENSG00000166762	gene	NA	NA
MACS_peak_6761	ENSG00000166734	gene	NA	NA
MACS_peak_6762	ENSG00000166734	gene	NA	NA
MACS_peak_6770	ENSG00000171763	gene	NA	NA
MACS_peak_6789	ENSG00000156958	gene	NA	NA
MACS_peak_6790	ENSG00000156958	gene	NA	NA
MACS_peak_6792	ENSG00000166262	gene	NA	NA
MACS_peak_6793	ENSG00000166262	gene	NA	NA
MACS_peak_6794	ENSG00000104047	gene	NA	NA
MACS_peak_6805	ENSG00000138592	gene	NA	NA
MACS_peak_6806	ENSG00000138592	gene	NA	NA
MACS_peak_6807	ENSG00000092439	gene	NA	NA
MACS_peak_6808	ENSG00000092439	gene	NA	NA
MACS_peak_6810	ENSG00000138600	gene	NA	NA
MACS_peak_6815	ENSG00000081014	gene	NA	NA
MACS_peak_6816	ENSG00000081014	gene	NA	NA
MACS_peak_6838	ENSG00000128872	gene	NA	NA
MACS_peak_6839	ENSG00000128872	gene	NA	NA
MACS_peak_6840	ENSG00000138594	gene	NA	NA
MACS_peak_6841	ENSG00000138594	gene	NA	NA
MACS_peak_6842	ENSG00000138594	gene	NA	NA
MACS_peak_6843	ENSG00000138594	gene	NA	NA
MACS_peak_6844	ENSG00000069956	gene	NA	NA
MACS_peak_6872	ENSG00000256061	gene	NA	NA
MACS_peak_6885	ENSG00000140262	gene	NA	NA
MACS_peak_6886	ENSG00000255529	gene	NA	NA
MACS_peak_6896	ENSG00000128915	gene	NA	NA
MACS_peak_6908	ENSG00000140455	gene	NA	NA
MACS_peak_6916	ENSG00000169118	gene	NA	NA
MACS_peak_6918	ENSG00000103671	gene	NA	NA
MACS_peak_6919	ENSG00000103671	gene	NA	NA
MACS_peak_6920	ENSG00000180357	gene	NA	NA
MACS_peak_6922	ENSG00000138617	gene	NA	NA
MACS_peak_6925	ENSG00000074621	gene	NA	NA
MACS_peak_6926	ENSG00000103769	gene	NA	NA
MACS_peak_6927	ENSG00000103769	gene	NA	NA
MACS_peak_6929	ENSG00000169032	gene	NA	NA
MACS_peak_6930	ENSG00000169032	gene	NA	NA
MACS_peak_6933	ENSG00000103599	gene	NA	NA
MACS_peak_6934	ENSG00000103599	gene	NA	NA
MACS_peak_6935	ENSG00000103599	gene	NA	NA
MACS_peak_6936	ENSG00000033800	gene	NA	NA
MACS_peak_6937	ENSG00000033800	gene	NA	NA
MACS_peak_6946	ENSG00000258484	gene	NA	NA
MACS_peak_6947	ENSG00000255346	gene	NA	NA
MACS_peak_6955	ENSG00000137821	gene	NA	NA
MACS_peak_6956	ENSG00000137821	gene	NA	NA
MACS_peak_6957	ENSG00000137821	gene	NA	NA
MACS_peak_6958	ENSG00000137821	gene	NA	NA
MACS_peak_6959	ENSG00000137821	gene	NA	NA
MACS_peak_6975	ENSG00000166233	gene	NA	NA
MACS_peak_6998	ENSG00000179335	gene	NA	NA
MACS_peak_6998	ENSG00000179151	gene	NA	NA
MACS_peak_6999	ENSG00000179335	gene	NA	NA
MACS_peak_6999	ENSG00000179151	gene	NA	NA
MACS_peak_7004	ENSG00000178802	gene	NA	NA
MACS_peak_7004	ENSG00000178761	gene	NA	NA
MACS_peak_7005	ENSG00000178741	gene	NA	NA
MACS_peak_7007	ENSG00000138621	gene	NA	NA
MACS_peak_7013	ENSG00000169375	gene	NA	NA
MACS_peak_7014	ENSG00000169410	gene	NA	NA
MACS_peak_7040	ENSG00000185787	gene	NA	NA
MACS_peak_7070	ENSG00000140598	gene	NA	NA
MACS_peak_7152	ENSG00000196391	gene	NA	NA
MACS_peak_7233	ENSG00000103852	gene	NA	NA
MACS_peak_7234	ENSG00000168904	gene	NA	NA
MACS_peak_7235	ENSG00000168904	gene	NA	NA
MACS_peak_7244	ENSG00000140471	gene	NA	NA
MACS_peak_7245	ENSG00000183475	gene	NA	NA
MACS_peak_7256	ENSG00000184277	gene	NA	NA
MACS_peak_7257	ENSG00000184277	gene	NA	NA
MACS_peak_7258	ENSG00000184277	gene	NA	NA
MACS_peak_7275	ENSG00000161981	promoter	NA	NA
MACS_peak_7292	ENSG00000059122	promoter	NA	NA
MACS_peak_7301	ENSG00000217930	promoter	NA	NA
MACS_peak_7363	ENSG00000103512	promoter	NA	NA
MACS_peak_7391	ENSG00000185164	promoter	NA	NA
MACS_peak_7439	ENSG00000166828	promoter	NA	NA
MACS_peak_7497	ENSG00000280789	promoter	NA	NA
MACS_peak_7507	ENSG00000080603	promoter	NA	NA
MACS_peak_7510	ENSG00000103507	promoter	NA	NA
MACS_peak_7665	ENSG00000177200	promoter	NA	NA
MACS_peak_7747	ENSG00000124067	promoter	NA	NA
MACS_peak_7926	ENSG00000176692	promoter	NA	NA
MACS_peak_7275	ENSG00000161980	gene	NA	NA
MACS_peak_7277	ENSG00000197562	gene	NA	NA
MACS_peak_7278	ENSG00000197562	gene	NA	NA
MACS_peak_7302	ENSG00000140632	gene	NA	NA
MACS_peak_7303	ENSG00000118894	gene	NA	NA
MACS_peak_7304	ENSG00000118894	gene	NA	NA
MACS_peak_7323	ENSG00000187555	gene	NA	NA
MACS_peak_7361	ENSG00000186260	gene	NA	NA
MACS_peak_7364	ENSG00000103512	gene	NA	NA
MACS_peak_7366	ENSG00000183426	gene	NA	NA
MACS_peak_7392	ENSG00000185164	gene	NA	NA
MACS_peak_7399	ENSG00000103528	gene	NA	NA
MACS_peak_7406	ENSG00000174628	gene	NA	NA
MACS_peak_7419	ENSG00000197006	gene	NA	NA
MACS_peak_7430	ENSG00000058600	gene	NA	NA
MACS_peak_7441	ENSG00000168447	gene	NA	NA
MACS_peak_7442	ENSG00000168447	gene	NA	NA
MACS_peak_7443	ENSG00000168434	gene	NA	NA
MACS_peak_7444	ENSG00000168434	gene	NA	NA
MACS_peak_7445	ENSG00000168434	gene	NA	NA
MACS_peak_7450	ENSG00000090905	gene	NA	NA
MACS_peak_7451	ENSG00000090905	gene	NA	NA
MACS_peak_7452	ENSG00000090905	gene	NA	NA
MACS_peak_7453	ENSG00000090905	gene	NA	NA
MACS_peak_7456	ENSG00000140750	gene	NA	NA
MACS_peak_7467	ENSG00000047578	gene	NA	NA
MACS_peak_7468	ENSG00000047578	gene	NA	NA
MACS_peak_7469	ENSG00000047578	gene	NA	NA
MACS_peak_7471	ENSG00000169180	gene	NA	NA
MACS_peak_7499	ENSG00000174938	gene	NA	NA
MACS_peak_7503	ENSG00000179965	gene	NA	NA
MACS_peak_7515	ENSG00000140691	gene	NA	NA
MACS_peak_7518	ENSG00000197302	gene	NA	NA
MACS_peak_7519	ENSG00000197302	gene	NA	NA
MACS_peak_7641	ENSG00000171241	gene	NA	NA
MACS_peak_7645	ENSG00000155330	gene	NA	NA
MACS_peak_7646	ENSG00000166123	gene	NA	NA
MACS_peak_7648	ENSG00000129636	gene	NA	NA
MACS_peak_7649	ENSG00000129636	gene	NA	NA
MACS_peak_7650	ENSG00000129636	gene	NA	NA
MACS_peak_7654	ENSG00000196470	gene	NA	NA
MACS_peak_7666	ENSG00000177200	gene	NA	NA
MACS_peak_7747	ENSG00000213398	gene	NA	NA
MACS_peak_7863	ENSG00000260643	gene	NA	NA
MACS_peak_7863	ENSG00000140905	gene	NA	NA
MACS_peak_8139	ENSG00000160606	promoter	NA	NA
MACS_peak_8142	ENSG00000109118	promoter	NA	NA
MACS_peak_8146	ENSG00000108256	promoter	NA	NA
MACS_peak_8199	ENSG00000141696	promoter	NA	NA
MACS_peak_8246	ENSG00000141293	promoter	NA	NA
MACS_peak_8256	ENSG00000108511	promoter	NA	NA
MACS_peak_8296	ENSG00000239672	promoter	NA	NA
MACS_peak_8386	ENSG00000181610	promoter	NA	NA
MACS_peak_8387	ENSG00000180891	promoter	NA	NA
MACS_peak_8461	ENSG00000108423	promoter	NA	NA
MACS_peak_8462	ENSG00000108423	promoter	NA	NA
MACS_peak_8485	ENSG00000170832	promoter	NA	NA
MACS_peak_8642	ENSG00000136492	promoter	NA	NA
MACS_peak_8643	ENSG00000136492	promoter	NA	NA
MACS_peak_8644	ENSG00000136492	promoter	NA	NA
MACS_peak_8686	ENSG00000108506	promoter	NA	NA
MACS_peak_8687	ENSG00000108506	promoter	NA	NA
MACS_peak_8708	ENSG00000087995	promoter	NA	NA
MACS_peak_8709	ENSG00000087995	promoter	NA	NA
MACS_peak_8710	ENSG00000087995	promoter	NA	NA
MACS_peak_8761	ENSG00000256525	promoter	NA	NA
MACS_peak_8831	ENSG00000130935	promoter	NA	NA
MACS_peak_8834	ENSG00000171634	promoter	NA	NA
MACS_peak_8860	ENSG00000154258	promoter	NA	NA
MACS_peak_8916	ENSG00000125449	promoter	NA	NA
MACS_peak_8917	ENSG00000125450	promoter	NA	NA
MACS_peak_8922	ENSG00000182173	promoter	NA	NA
MACS_peak_8925	ENSG00000108469	promoter	NA	NA
MACS_peak_8933	ENSG00000132478	promoter	NA	NA
MACS_peak_8970	ENSG00000169683	promoter	NA	NA
MACS_peak_8059	ENSG00000109099	gene	NA	NA
MACS_peak_8138	ENSG00000258472	gene	NA	NA
MACS_peak_8138	ENSG00000109103	gene	NA	NA
MACS_peak_8140	ENSG00000160606	gene	NA	NA
MACS_peak_8140	ENSG00000160602	gene	NA	NA
MACS_peak_8141	ENSG00000076604	gene	NA	NA
MACS_peak_8143	ENSG00000109118	gene	NA	NA
MACS_peak_8147	ENSG00000108256	gene	NA	NA
MACS_peak_8206	ENSG00000236383	gene	NA	NA
MACS_peak_8222	ENSG00000228696	gene	NA	NA
MACS_peak_8238	ENSG00000108439	gene	NA	NA
MACS_peak_8243	ENSG00000108468	gene	NA	NA
MACS_peak_8244	ENSG00000108468	gene	NA	NA
MACS_peak_8245	ENSG00000108468	gene	NA	NA
MACS_peak_8247	ENSG00000141293	gene	NA	NA
MACS_peak_8248	ENSG00000141293	gene	NA	NA
MACS_peak_8249	ENSG00000141293	gene	NA	NA
MACS_peak_8250	ENSG00000141293	gene	NA	NA
MACS_peak_8251	ENSG00000141293	gene	NA	NA
MACS_peak_8252	ENSG00000141293	gene	NA	NA
MACS_peak_8255	ENSG00000120093	gene	NA	NA
MACS_peak_8256	ENSG00000120093	gene	NA	NA
MACS_peak_8265	ENSG00000159210	gene	NA	NA
MACS_peak_8271	ENSG00000198740	gene	NA	NA
MACS_peak_8272	ENSG00000198740	gene	NA	NA
MACS_peak_8274	ENSG00000167085	gene	NA	NA
MACS_peak_8280	ENSG00000121073	gene	NA	NA
MACS_peak_8283	ENSG00000005884	gene	NA	NA
MACS_peak_8284	ENSG00000005884	gene	NA	NA
MACS_peak_8285	ENSG00000108819	gene	NA	NA
MACS_peak_8289	ENSG00000136444	gene	NA	NA
MACS_peak_8294	ENSG00000008294	gene	NA	NA
MACS_peak_8295	ENSG00000008294	gene	NA	NA
MACS_peak_8337	ENSG00000166263	gene	NA	NA
MACS_peak_8338	ENSG00000166263	gene	NA	NA
MACS_peak_8339	ENSG00000166263	gene	NA	NA
MACS_peak_8340	ENSG00000166263	gene	NA	NA
MACS_peak_8341	ENSG00000166263	gene	NA	NA
MACS_peak_8388	ENSG00000180891	gene	NA	NA
MACS_peak_8389	ENSG00000180891	gene	NA	NA
MACS_peak_8390	ENSG00000180891	gene	NA	NA
MACS_peak_8398	ENSG00000213246	gene	NA	NA
MACS_peak_8402	ENSG00000121101	gene	NA	NA
MACS_peak_8404	ENSG00000121101	gene	NA	NA
MACS_peak_8405	ENSG00000121101	gene	NA	NA
MACS_peak_8406	ENSG00000121101	gene	NA	NA
MACS_peak_8407	ENSG00000121101	gene	NA	NA
MACS_peak_8408	ENSG00000121101	gene	NA	NA
MACS_peak_8409	ENSG00000121101	gene	NA	NA
MACS_peak_8423	ENSG00000108395	gene	NA	NA
MACS_peak_8424	ENSG00000108395	gene	NA	NA
MACS_peak_8425	ENSG00000108395	gene	NA	NA
MACS_peak_8427	ENSG00000108395	gene	NA	NA
MACS_peak_8429	ENSG00000108395	gene	NA	NA
MACS_peak_8430	ENSG00000108395	gene	NA	NA
MACS_peak_8431	ENSG00000108395	gene	NA	NA
MACS_peak_8433	ENSG00000108395	gene	NA	NA
MACS_peak_8434	ENSG00000108395	gene	NA	NA
MACS_peak_8435	ENSG00000108395	gene	NA	NA
MACS_peak_8436	ENSG00000108395	gene	NA	NA
MACS_peak_8446	ENSG00000108406	gene	NA	NA
MACS_peak_8447	ENSG00000108406	gene	NA	NA
MACS_peak_8448	ENSG00000108406	gene	NA	NA
MACS_peak_8465	ENSG00000108423	gene	NA	NA
MACS_peak_8466	ENSG00000108443	gene	NA	NA
MACS_peak_8468	ENSG00000108443	gene	NA	NA
MACS_peak_8469	ENSG00000108443	gene	NA	NA
MACS_peak_8470	ENSG00000108443	gene	NA	NA
MACS_peak_8471	ENSG00000108443	gene	NA	NA
MACS_peak_8477	ENSG00000068097	gene	NA	NA
MACS_peak_8478	ENSG00000068097	gene	NA	NA
MACS_peak_8479	ENSG00000068097	gene	NA	NA
MACS_peak_8486	ENSG00000170832	gene	NA	NA
MACS_peak_8487	ENSG00000170832	gene	NA	NA
MACS_peak_8488	ENSG00000170832	gene	NA	NA
MACS_peak_8489	ENSG00000170832	gene	NA	NA
MACS_peak_8491	ENSG00000170832	gene	NA	NA
MACS_peak_8493	ENSG00000170832	gene	NA	NA
MACS_peak_8494	ENSG00000170832	gene	NA	NA
MACS_peak_8495	ENSG00000170832	gene	NA	NA
MACS_peak_8496	ENSG00000170832	gene	NA	NA
MACS_peak_8497	ENSG00000170832	gene	NA	NA
MACS_peak_8498	ENSG00000170832	gene	NA	NA
MACS_peak_8499	ENSG00000170832	gene	NA	NA
MACS_peak_8500	ENSG00000170832	gene	NA	NA
MACS_peak_8502	ENSG00000170832	gene	NA	NA
MACS_peak_8503	ENSG00000170832	gene	NA	NA
MACS_peak_8504	ENSG00000170832	gene	NA	NA
MACS_peak_8505	ENSG00000170832	gene	NA	NA
MACS_peak_8506	ENSG00000170832	gene	NA	NA
MACS_peak_8507	ENSG00000170832	gene	NA	NA
MACS_peak_8508	ENSG00000170832	gene	NA	NA
MACS_peak_8509	ENSG00000170832	gene	NA	NA
MACS_peak_8510	ENSG00000170832	gene	NA	NA
MACS_peak_8513	ENSG00000062725	gene	NA	NA
MACS_peak_8514	ENSG00000062725	gene	NA	NA
MACS_peak_8515	ENSG00000062725	gene	NA	NA
MACS_peak_8516	ENSG00000062725	gene	NA	NA
MACS_peak_8517	ENSG00000062725	gene	NA	NA
MACS_peak_8524	ENSG00000170836	gene	NA	NA
MACS_peak_8525	ENSG00000170836	gene	NA	NA
MACS_peak_8526	ENSG00000170836	gene	NA	NA
MACS_peak_8528	ENSG00000170836	gene	NA	NA
MACS_peak_8529	ENSG00000170836	gene	NA	NA
MACS_peak_8530	ENSG00000170836	gene	NA	NA
MACS_peak_8531	ENSG00000170836	gene	NA	NA
MACS_peak_8532	ENSG00000170836	gene	NA	NA
MACS_peak_8645	ENSG00000136492	gene	NA	NA
MACS_peak_8646	ENSG00000136492	gene	NA	NA
MACS_peak_8648	ENSG00000136492	gene	NA	NA
MACS_peak_8650	ENSG00000136492	gene	NA	NA
MACS_peak_8651	ENSG00000136492	gene	NA	NA
MACS_peak_8652	ENSG00000136492	gene	NA	NA
MACS_peak_8653	ENSG00000136492	gene	NA	NA
MACS_peak_8654	ENSG00000136492	gene	NA	NA
MACS_peak_8655	ENSG00000136492	gene	NA	NA
MACS_peak_8656	ENSG00000136492	gene	NA	NA
MACS_peak_8657	ENSG00000136492	gene	NA	NA
MACS_peak_8659	ENSG00000136492	gene	NA	NA
MACS_peak_8661	ENSG00000136492	gene	NA	NA
MACS_peak_8662	ENSG00000136492	gene	NA	NA
MACS_peak_8664	ENSG00000136492	gene	NA	NA
MACS_peak_8665	ENSG00000136492	gene	NA	NA
MACS_peak_8667	ENSG00000136492	gene	NA	NA
MACS_peak_8668	ENSG00000136492	gene	NA	NA
MACS_peak_8669	ENSG00000136492	gene	NA	NA
MACS_peak_8670	ENSG00000136492	gene	NA	NA
MACS_peak_8671	ENSG00000136492	gene	NA	NA
MACS_peak_8673	ENSG00000136492	gene	NA	NA
MACS_peak_8674	ENSG00000136492	gene	NA	NA
MACS_peak_8675	ENSG00000136492	gene	NA	NA
MACS_peak_8676	ENSG00000136492	gene	NA	NA
MACS_peak_8678	ENSG00000136492	gene	NA	NA
MACS_peak_8680	ENSG00000136492	gene	NA	NA
MACS_peak_8681	ENSG00000136492	gene	NA	NA
MACS_peak_8682	ENSG00000136492	gene	NA	NA
MACS_peak_8684	ENSG00000136492	gene	NA	NA
MACS_peak_8685	ENSG00000136492	gene	NA	NA
MACS_peak_8688	ENSG00000108506	gene	NA	NA
MACS_peak_8689	ENSG00000108506	gene	NA	NA
MACS_peak_8690	ENSG00000108506	gene	NA	NA
MACS_peak_8691	ENSG00000108506	gene	NA	NA
MACS_peak_8692	ENSG00000108506	gene	NA	NA
MACS_peak_8693	ENSG00000108506	gene	NA	NA
MACS_peak_8695	ENSG00000108506	gene	NA	NA
MACS_peak_8696	ENSG00000108506	gene	NA	NA
MACS_peak_8697	ENSG00000108510	gene	NA	NA
MACS_peak_8699	ENSG00000108510	gene	NA	NA
MACS_peak_8711	ENSG00000146872	gene	NA	NA
MACS_peak_8712	ENSG00000146872	gene	NA	NA
MACS_peak_8713	ENSG00000146872	gene	NA	NA
MACS_peak_8714	ENSG00000146872	gene	NA	NA
MACS_peak_8738	ENSG00000266173	gene	NA	NA
MACS_peak_8739	ENSG00000266173	gene	NA	NA
MACS_peak_8740	ENSG00000198231	gene	NA	NA
MACS_peak_8762	ENSG00000256525	gene	NA	NA
MACS_peak_8764	ENSG00000256525	gene	NA	NA
MACS_peak_8765	ENSG00000108654	gene	NA	NA
MACS_peak_8765	ENSG00000258890	gene	NA	NA
MACS_peak_8766	ENSG00000258890	gene	NA	NA
MACS_peak_8767	ENSG00000258890	gene	NA	NA
MACS_peak_8779	ENSG00000120063	gene	NA	NA
MACS_peak_8818	ENSG00000198265	gene	NA	NA
MACS_peak_8819	ENSG00000198265	gene	NA	NA
MACS_peak_8821	ENSG00000197170	gene	NA	NA
MACS_peak_8835	ENSG00000171634	gene	NA	NA
MACS_peak_8836	ENSG00000171634	gene	NA	NA
MACS_peak_8837	ENSG00000171634	gene	NA	NA
MACS_peak_8838	ENSG00000171634	gene	NA	NA
MACS_peak_8845	ENSG00000141337	gene	NA	NA
MACS_peak_8846	ENSG00000141337	gene	NA	NA
MACS_peak_8847	ENSG00000070540	gene	NA	NA
MACS_peak_8862	ENSG00000154262	gene	NA	NA
MACS_peak_8863	ENSG00000154262	gene	NA	NA
MACS_peak_8909	ENSG00000179604	gene	NA	NA
MACS_peak_8915	ENSG00000109066	gene	NA	NA
MACS_peak_8918	ENSG00000177885	gene	NA	NA
MACS_peak_8919	ENSG00000177885	gene	NA	NA
MACS_peak_8921	ENSG00000177303	gene	NA	NA
MACS_peak_8926	ENSG00000108469	gene	NA	NA
MACS_peak_8927	ENSG00000108469	gene	NA	NA
MACS_peak_8928	ENSG00000108469	gene	NA	NA
MACS_peak_8929	ENSG00000161526	gene	NA	NA
MACS_peak_8932	ENSG00000132475	gene	NA	NA
MACS_peak_8933	ENSG00000132475	gene	NA	NA
MACS_peak_8934	ENSG00000132478	gene	NA	NA
MACS_peak_8935	ENSG00000167881	gene	NA	NA
MACS_peak_8936	ENSG00000175931	gene	NA	NA
MACS_peak_8948	ENSG00000087157	gene	NA	NA
MACS_peak_8950	ENSG00000108669	gene	NA	NA
MACS_peak_8961	ENSG00000141564	gene	NA	NA
MACS_peak_8962	ENSG00000141564	gene	NA	NA
MACS_peak_8963	ENSG00000141564	gene	NA	NA
MACS_peak_8964	ENSG00000141564	gene	NA	NA
MACS_peak_8966	ENSG00000141577	gene	NA	NA
MACS_peak_8970	ENSG00000169689	gene	NA	NA
MACS_peak_8971	ENSG00000169660	gene	NA	NA
MACS_peak_8972	ENSG00000141568	gene	NA	NA
MACS_peak_8973	ENSG00000141556	gene	NA	NA
MACS_peak_8974	ENSG00000141556	gene	NA	NA
MACS_peak_9011	ENSG00000101608	promoter	NA	NA
MACS_peak_9245	ENSG00000176624	promoter	NA	NA
MACS_peak_9291	ENSG00000134444	promoter	NA	NA
MACS_peak_8991	ENSG00000101557	gene	NA	NA
MACS_peak_8995	ENSG00000176105	gene	NA	NA
MACS_peak_9009	ENSG00000101574	gene	NA	NA
MACS_peak_9010	ENSG00000101596	gene	NA	NA
MACS_peak_9036	ENSG00000154845	gene	NA	NA
MACS_peak_9037	ENSG00000101558	gene	NA	NA
MACS_peak_9050	ENSG00000141385	gene	NA	NA
MACS_peak_9052	ENSG00000175354	gene	NA	NA
MACS_peak_9053	ENSG00000101639	gene	NA	NA
MACS_peak_9054	ENSG00000101639	gene	NA	NA
MACS_peak_9077	ENSG00000067900	gene	NA	NA
MACS_peak_9078	ENSG00000067900	gene	NA	NA
MACS_peak_9079	ENSG00000141446	gene	NA	NA
MACS_peak_9080	ENSG00000101752	gene	NA	NA
MACS_peak_9081	ENSG00000101752	gene	NA	NA
MACS_peak_9097	ENSG00000134508	gene	NA	NA
MACS_peak_9097	ENSG00000134490	gene	NA	NA
MACS_peak_9098	ENSG00000141458	gene	NA	NA
MACS_peak_9099	ENSG00000141447	gene	NA	NA
MACS_peak_9100	ENSG00000141447	gene	NA	NA
MACS_peak_9101	ENSG00000141447	gene	NA	NA
MACS_peak_9143	ENSG00000046604	gene	NA	NA
MACS_peak_9165	ENSG00000134759	gene	NA	NA
MACS_peak_9166	ENSG00000134759	gene	NA	NA
MACS_peak_9172	ENSG00000150477	gene	NA	NA
MACS_peak_9173	ENSG00000150477	gene	NA	NA
MACS_peak_9174	ENSG00000150477	gene	NA	NA
MACS_peak_9175	ENSG00000150477	gene	NA	NA
MACS_peak_9176	ENSG00000150477	gene	NA	NA
MACS_peak_9177	ENSG00000150477	gene	NA	NA
MACS_peak_9218	ENSG00000152223	gene	NA	NA
MACS_peak_9220	ENSG00000152229	gene	NA	NA
MACS_peak_9221	ENSG00000152229	gene	NA	NA
MACS_peak_9222	ENSG00000152234	gene	NA	NA
MACS_peak_9223	ENSG00000152242	gene	NA	NA
MACS_peak_9236	ENSG00000141627	gene	NA	NA
MACS_peak_9238	ENSG00000141627	gene	NA	NA
MACS_peak_9240	ENSG00000141627	gene	NA	NA
MACS_peak_9243	ENSG00000167306	gene	NA	NA
MACS_peak_9259	ENSG00000041353	gene	NA	NA
MACS_peak_9260	ENSG00000041353	gene	NA	NA
MACS_peak_9267	ENSG00000091157	gene	NA	NA
MACS_peak_9268	ENSG00000091157	gene	NA	NA
MACS_peak_9271	ENSG00000081923	gene	NA	NA
MACS_peak_9272	ENSG00000081923	gene	NA	NA
MACS_peak_9273	ENSG00000049759	gene	NA	NA
MACS_peak_9290	ENSG00000197563	gene	NA	NA
MACS_peak_9291	ENSG00000197563	gene	NA	NA
MACS_peak_9292	ENSG00000141664	gene	NA	NA
MACS_peak_9295	ENSG00000081913	gene	NA	NA
MACS_peak_9296	ENSG00000081913	gene	NA	NA
MACS_peak_9337	ENSG00000215421	gene	NA	NA
MACS_peak_9346	ENSG00000166377	gene	NA	NA
MACS_peak_9347	ENSG00000166377	gene	NA	NA
MACS_peak_9471	ENSG00000197020	promoter	NA	NA
MACS_peak_9472	ENSG00000197020	promoter	NA	NA
MACS_peak_9578	ENSG00000128626	promoter	NA	NA
MACS_peak_9617	ENSG00000159917	promoter	NA	NA
MACS_peak_9619	ENSG00000278318	promoter	NA	NA
MACS_peak_9625	ENSG00000104853	promoter	NA	NA
MACS_peak_9773	ENSG00000198440	promoter	NA	NA
MACS_peak_9367	ENSG00000065717	gene	NA	NA
MACS_peak_9408	ENSG00000196757	gene	NA	NA
MACS_peak_9410	ENSG00000196466	gene	NA	NA
MACS_peak_9432	ENSG00000141867	gene	NA	NA
MACS_peak_9433	ENSG00000141867	gene	NA	NA
MACS_peak_9434	ENSG00000141867	gene	NA	NA
MACS_peak_9455	ENSG00000129933	gene	NA	NA
MACS_peak_9458	ENSG00000105708	gene	NA	NA
MACS_peak_9460	ENSG00000256771	gene	NA	NA
MACS_peak_9461	ENSG00000184635	gene	NA	NA
MACS_peak_9462	ENSG00000184635	gene	NA	NA
MACS_peak_9463	ENSG00000184635	gene	NA	NA
MACS_peak_9465	ENSG00000188171	gene	NA	NA
MACS_peak_9475	ENSG00000197360	gene	NA	NA
MACS_peak_9479	ENSG00000167232	gene	NA	NA
MACS_peak_9566	ENSG00000197050	gene	NA	NA
MACS_peak_9567	ENSG00000196967	gene	NA	NA
MACS_peak_9567	ENSG00000197050	gene	NA	NA
MACS_peak_9580	ENSG00000196235	gene	NA	NA
MACS_peak_9616	ENSG00000267680	gene	NA	NA
MACS_peak_9617	ENSG00000131115	gene	NA	NA
MACS_peak_9621	ENSG00000186567	gene	NA	NA
MACS_peak_9644	ENSG00000090372	gene	NA	NA
MACS_peak_9646	ENSG00000042753	gene	NA	NA
MACS_peak_9653	ENSG00000134815	gene	NA	NA
MACS_peak_9696	ENSG00000105483	gene	NA	NA
MACS_peak_9745	ENSG00000129451	gene	NA	NA
MACS_peak_9754	ENSG00000256087	gene	NA	NA
MACS_peak_9756	ENSG00000197497	gene	NA	NA
MACS_peak_11684	ENSG00000101220	promoter	NA	NA
MACS_peak_12135	ENSG00000054793	promoter	NA	NA
MACS_peak_12267	ENSG00000101132	promoter	NA	NA
MACS_peak_12397	ENSG00000101146	promoter	NA	NA
MACS_peak_12420	ENSG00000124222	promoter	NA	NA
MACS_peak_12470	ENSG00000101182	promoter	NA	NA
MACS_peak_12476	ENSG00000101189	promoter	NA	NA
MACS_peak_12490	ENSG00000197114	promoter	NA	NA
MACS_peak_12490	ENSG00000273154	promoter	NA	NA
MACS_peak_11676	ENSG00000088876	gene	NA	NA
MACS_peak_11678	ENSG00000132670	gene	NA	NA
MACS_peak_11679	ENSG00000088812	gene	NA	NA
MACS_peak_11680	ENSG00000088812	gene	NA	NA
MACS_peak_11681	ENSG00000088812	gene	NA	NA
MACS_peak_11682	ENSG00000088812	gene	NA	NA
MACS_peak_11683	ENSG00000088812	gene	NA	NA
MACS_peak_11685	ENSG00000101236	gene	NA	NA
MACS_peak_11691	ENSG00000088766	gene	NA	NA
MACS_peak_11699	ENSG00000125827	gene	NA	NA
MACS_peak_11701	ENSG00000182621	gene	NA	NA
MACS_peak_11702	ENSG00000182621	gene	NA	NA
MACS_peak_11703	ENSG00000182621	gene	NA	NA
MACS_peak_11704	ENSG00000182621	gene	NA	NA
MACS_peak_11733	ENSG00000089123	gene	NA	NA
MACS_peak_11734	ENSG00000089123	gene	NA	NA
MACS_peak_11735	ENSG00000089123	gene	NA	NA
MACS_peak_11736	ENSG00000101247	gene	NA	NA
MACS_peak_11768	ENSG00000101310	gene	NA	NA
MACS_peak_11786	ENSG00000101343	gene	NA	NA
MACS_peak_11829	ENSG00000100994	gene	NA	NA
MACS_peak_11830	ENSG00000100997	gene	NA	NA
MACS_peak_11831	ENSG00000100997	gene	NA	NA
MACS_peak_11874	ENSG00000131044	gene	NA	NA
MACS_peak_11880	ENSG00000088305	gene	NA	NA
MACS_peak_11888	ENSG00000131069	gene	NA	NA
MACS_peak_11893	ENSG00000131051	gene	NA	NA
MACS_peak_11900	ENSG00000197122	gene	NA	NA
MACS_peak_11901	ENSG00000197122	gene	NA	NA
MACS_peak_11908	ENSG00000170471	gene	NA	NA
MACS_peak_11909	ENSG00000101442	gene	NA	NA
MACS_peak_11929	ENSG00000124177	gene	NA	NA
MACS_peak_11930	ENSG00000124177	gene	NA	NA
MACS_peak_11931	ENSG00000124177	gene	NA	NA
MACS_peak_11973	ENSG00000124251	gene	NA	NA
MACS_peak_11974	ENSG00000124155	gene	NA	NA
MACS_peak_11975	ENSG00000124155	gene	NA	NA
MACS_peak_11980	ENSG00000101457	gene	NA	NA
MACS_peak_12071	ENSG00000124207	gene	NA	NA
MACS_peak_12072	ENSG00000124207	gene	NA	NA
MACS_peak_12073	ENSG00000124214	gene	NA	NA
MACS_peak_12080	ENSG00000197818	gene	NA	NA
MACS_peak_12081	ENSG00000197818	gene	NA	NA
MACS_peak_12083	ENSG00000124226	gene	NA	NA
MACS_peak_12087	ENSG00000244687	gene	NA	NA
MACS_peak_12126	ENSG00000101126	gene	NA	NA
MACS_peak_12136	ENSG00000054793	gene	NA	NA
MACS_peak_12137	ENSG00000054793	gene	NA	NA
MACS_peak_12138	ENSG00000054793	gene	NA	NA
MACS_peak_12139	ENSG00000054793	gene	NA	NA
MACS_peak_12143	ENSG00000020256	gene	NA	NA
MACS_peak_12144	ENSG00000020256	gene	NA	NA
MACS_peak_12269	ENSG00000101132	gene	NA	NA
MACS_peak_12271	ENSG00000101132	gene	NA	NA
MACS_peak_12358	ENSG00000101138	gene	NA	NA
MACS_peak_12359	ENSG00000022277	gene	NA	NA
MACS_peak_12360	ENSG00000022277	gene	NA	NA
MACS_peak_12416	ENSG00000124164	gene	NA	NA
MACS_peak_12417	ENSG00000124164	gene	NA	NA
MACS_peak_12468	ENSG00000130699	gene	NA	NA
MACS_peak_12469	ENSG00000130699	gene	NA	NA
MACS_peak_12471	ENSG00000184402	gene	NA	NA
MACS_peak_12472	ENSG00000130703	gene	NA	NA
MACS_peak_12473	ENSG00000130703	gene	NA	NA
MACS_peak_12474	ENSG00000130706	gene	NA	NA
MACS_peak_12477	ENSG00000060491	gene	NA	NA
MACS_peak_12479	ENSG00000101191	gene	NA	NA
MACS_peak_12480	ENSG00000101191	gene	NA	NA
MACS_peak_12481	ENSG00000101191	gene	NA	NA
MACS_peak_12489	ENSG00000101216	gene	NA	NA
MACS_peak_12490	ENSG00000101246	gene	NA	NA
MACS_peak_12491	ENSG00000101152	gene	NA	NA
MACS_peak_12765	ENSG00000160214	promoter	NA	NA
MACS_peak_12657	ENSG00000154719	gene	NA	NA
MACS_peak_12690	ENSG00000156304	gene	NA	NA
MACS_peak_12692	ENSG00000265590	gene	NA	NA
MACS_peak_12692	ENSG00000159079	gene	NA	NA
MACS_peak_12693	ENSG00000159082	gene	NA	NA
MACS_peak_12697	ENSG00000205758	gene	NA	NA
MACS_peak_12698	ENSG00000205726	gene	NA	NA
MACS_peak_12715	ENSG00000159259	gene	NA	NA
MACS_peak_12732	ENSG00000185658	gene	NA	NA
MACS_peak_12733	ENSG00000185658	gene	NA	NA
MACS_peak_12767	ENSG00000160216	gene	NA	NA
MACS_peak_12768	ENSG00000160216	gene	NA	NA
MACS_peak_12769	ENSG00000141959	gene	NA	NA
MACS_peak_12772	ENSG00000184787	gene	NA	NA
MACS_peak_12773	ENSG00000184787	gene	NA	NA
MACS_peak_12777	ENSG00000186866	gene	NA	NA
MACS_peak_12784	ENSG00000160282	gene	NA	NA
MACS_peak_12785	ENSG00000160294	gene	NA	NA
MACS_peak_12819	ENSG00000215193	promoter	NA	NA
MACS_peak_12877	ENSG00000186716	promoter	NA	NA
MACS_peak_12946	ENSG00000187051	promoter	NA	NA
MACS_peak_12962	ENSG00000196576	promoter	NA	NA
MACS_peak_12836	ENSG00000070413	gene	NA	NA
MACS_peak_12837	ENSG00000093010	gene	NA	NA
MACS_peak_12839	ENSG00000128185	gene	NA	NA
MACS_peak_12849	ENSG00000099910	gene	NA	NA
MACS_peak_12850	ENSG00000099917	gene	NA	NA
MACS_peak_12851	ENSG00000099917	gene	NA	NA
MACS_peak_12852	ENSG00000241973	gene	NA	NA
MACS_peak_12853	ENSG00000241973	gene	NA	NA
MACS_peak_12861	ENSG00000100030	gene	NA	NA
MACS_peak_12883	ENSG00000099991	gene	NA	NA
MACS_peak_12894	ENSG00000197077	gene	NA	NA
MACS_peak_12898	ENSG00000180957	gene	NA	NA
MACS_peak_12912	ENSG00000100280	gene	NA	NA
MACS_peak_12918	ENSG00000100105	gene	NA	NA
MACS_peak_12919	ENSG00000183530	gene	NA	NA
MACS_peak_12945	ENSG00000100335	gene	NA	NA
MACS_peak_12949	ENSG00000100359	gene	NA	NA
MACS_peak_12949	ENSG00000239900	gene	NA	NA
MACS_peak_12950	ENSG00000196588	gene	NA	NA
MACS_peak_12951	ENSG00000100393	gene	NA	NA
MACS_peak_12952	ENSG00000100207	gene	NA	NA
MACS_peak_12961	ENSG00000100426	gene	NA	NA
MACS_peak_12963	ENSG00000196576	gene	NA	NA
MACS_peak_22007	ENSG00000197077	gene	NA	NA
MACS_peak_22030	ENSG00000130021	gene	NA	NA
MACS_peak_22041	ENSG00000146950	gene	NA	NA
MACS_peak_22042	ENSG00000146950	gene	NA	NA
MACS_peak_22064	ENSG00000046647	gene	NA	NA
MACS_peak_22081	ENSG00000169891	gene	NA	NA
MACS_peak_22256	ENSG00000204271	gene	NA	NA
MACS_peak_22257	ENSG00000204271	gene	NA	NA
MACS_peak_22328	ENSG00000001497	gene	NA	NA
MACS_peak_22375	ENSG00000147133	gene	NA	NA
MACS_peak_22413	ENSG00000085224	gene	NA	NA
MACS_peak_22435	ENSG00000198157	gene	NA	NA
MACS_peak_22536	ENSG00000196440	gene	NA	NA
MACS_peak_22537	ENSG00000196440	gene	NA	NA
MACS_peak_22593	ENSG00000133135	gene	NA	NA
MACS_peak_22594	ENSG00000133135	gene	NA	NA
MACS_peak_22595	ENSG00000133135	gene	NA	NA
MACS_peak_22941	ENSG00000169057	gene	NA	NA
MACS_peak_22942	ENSG00000169057	gene	NA	NA
