ctcf	sequence	type
MACS_peak_47	ENSG00000158109	promoter
MACS_peak_136	ENSG00000133226	promoter
MACS_peak_154	ENSG00000142751	promoter
MACS_peak_180	ENSG00000025800	promoter
MACS_peak_181	ENSG00000160055	promoter
MACS_peak_241	ENSG00000117450	promoter
MACS_peak_304	ENSG00000121310	promoter
MACS_peak_306	ENSG00000058799	promoter
MACS_peak_690	ENSG00000116266	promoter
MACS_peak_696	ENSG00000174151	promoter
MACS_peak_698	ENSG00000065135	promoter
MACS_peak_702	ENSG00000168710	promoter
MACS_peak_729	ENSG00000198799	promoter
MACS_peak_746	ENSG00000118655	promoter
MACS_peak_763	ENSG00000116752	promoter
MACS_peak_769	ENSG00000052723	promoter
MACS_peak_797	ENSG00000143061	promoter
MACS_peak_798	ENSG00000143061	promoter
MACS_peak_805	ENSG00000116830	promoter
MACS_peak_981	ENSG00000188092	promoter
MACS_peak_1030	ENSG00000136631	promoter
MACS_peak_1046	ENSG00000143379	promoter
MACS_peak_1050	ENSG00000163156	promoter
MACS_peak_1051	ENSG00000143398	promoter
MACS_peak_1052	ENSG00000159352	promoter
MACS_peak_1084	ENSG00000163220	promoter
MACS_peak_1092	ENSG00000160741	promoter
MACS_peak_1099	ENSG00000243364	promoter
MACS_peak_1103	ENSG00000160767	promoter
MACS_peak_1113	ENSG00000160785	promoter
MACS_peak_1119	ENSG00000143319	promoter
MACS_peak_1172	ENSG00000198929	promoter
MACS_peak_1181	ENSG00000143228	promoter
MACS_peak_1368	ENSG00000135838	promoter
MACS_peak_1594	ENSG00000182004	promoter
MACS_peak_1650	ENSG00000180667	promoter
MACS_peak_1794	ENSG00000154370	promoter
MACS_peak_50	ENSG00000116198	gene
MACS_peak_66	ENSG00000049246	gene
MACS_peak_67	ENSG00000116288	gene
MACS_peak_70	ENSG00000142599	gene
MACS_peak_81	ENSG00000171824	gene
MACS_peak_83	ENSG00000116661	gene
MACS_peak_84	ENSG00000083444	gene
MACS_peak_127	ENSG00000090686	gene
MACS_peak_128	ENSG00000090686	gene
MACS_peak_134	ENSG00000001460	gene
MACS_peak_199	ENSG00000054116	gene
MACS_peak_204	ENSG00000183431	gene
MACS_peak_205	ENSG00000183431	gene
MACS_peak_210	ENSG00000043514	gene
MACS_peak_251	ENSG00000159658	gene
MACS_peak_291	ENSG00000185104	gene
MACS_peak_292	ENSG00000185104	gene
MACS_peak_293	ENSG00000185104	gene
MACS_peak_299	ENSG00000117859	gene
MACS_peak_300	ENSG00000085840	gene
MACS_peak_307	ENSG00000116212	gene
MACS_peak_395	ENSG00000116754	gene
MACS_peak_396	ENSG00000118454	gene
MACS_peak_415	ENSG00000259030	gene
MACS_peak_416	ENSG00000259030	gene
MACS_peak_416	ENSG00000116783	gene
MACS_peak_432	ENSG00000117054	gene
MACS_peak_443	ENSG00000162614	gene
MACS_peak_444	ENSG00000162614	gene
MACS_peak_490	ENSG00000142875	gene
MACS_peak_491	ENSG00000142875	gene
MACS_peak_492	ENSG00000142875	gene
MACS_peak_519	ENSG00000065243	gene
MACS_peak_525	ENSG00000122482	gene
MACS_peak_526	ENSG00000122482	gene
MACS_peak_693	ENSG00000085433	gene
MACS_peak_695	ENSG00000143126	gene
MACS_peak_697	ENSG00000174151	gene
MACS_peak_747	ENSG00000163349	gene
MACS_peak_756	ENSG00000197323	gene
MACS_peak_757	ENSG00000197323	gene
MACS_peak_758	ENSG00000197323	gene
MACS_peak_759	ENSG00000197323	gene
MACS_peak_760	ENSG00000197323	gene
MACS_peak_768	ENSG00000009307	gene
MACS_peak_796	ENSG00000116815	gene
MACS_peak_797	ENSG00000116815	gene
MACS_peak_799	ENSG00000143061	gene
MACS_peak_803	ENSG00000116824	gene
MACS_peak_808	ENSG00000198162	gene
MACS_peak_809	ENSG00000198162	gene
MACS_peak_905	ENSG00000196369	gene
MACS_peak_906	ENSG00000196369	gene
MACS_peak_942	ENSG00000271425	gene
MACS_peak_949	ENSG00000117262	gene
MACS_peak_950	ENSG00000117262	gene
MACS_peak_953	ENSG00000263956	gene
MACS_peak_957	ENSG00000268043	gene
MACS_peak_961	ENSG00000268043	gene
MACS_peak_963	ENSG00000268043	gene
MACS_peak_964	ENSG00000268043	gene
MACS_peak_982	ENSG00000188092	gene
MACS_peak_984	ENSG00000188092	gene
MACS_peak_987	ENSG00000263956	gene
MACS_peak_1031	ENSG00000136631	gene
MACS_peak_1032	ENSG00000136631	gene
MACS_peak_1033	ENSG00000136631	gene
MACS_peak_1038	ENSG00000163125	gene
MACS_peak_1039	ENSG00000143374	gene
MACS_peak_1042	ENSG00000143420	gene
MACS_peak_1089	ENSG00000143614	gene
MACS_peak_1090	ENSG00000143614	gene
MACS_peak_1091	ENSG00000143614	gene
MACS_peak_1095	ENSG00000169291	gene
MACS_peak_1096	ENSG00000163239	gene
MACS_peak_1100	ENSG00000143590	gene
MACS_peak_1104	ENSG00000176444	gene
MACS_peak_1105	ENSG00000116539	gene
MACS_peak_1108	ENSG00000116580	gene
MACS_peak_1110	ENSG00000132698	gene
MACS_peak_1114	ENSG00000163468	gene
MACS_peak_1115	ENSG00000163468	gene
MACS_peak_1140	ENSG00000163564	gene
MACS_peak_1173	ENSG00000198929	gene
MACS_peak_1182	ENSG00000143228	gene
MACS_peak_1266	ENSG00000135870	gene
MACS_peak_1469	ENSG00000134371	gene
MACS_peak_1508	ENSG00000213047	gene
MACS_peak_1509	ENSG00000213047	gene
MACS_peak_1510	ENSG00000213047	gene
MACS_peak_1512	ENSG00000213047	gene
MACS_peak_1513	ENSG00000213047	gene
MACS_peak_1514	ENSG00000213047	gene
MACS_peak_1593	ENSG00000058673	gene
MACS_peak_1593	ENSG00000257315	gene
MACS_peak_1633	ENSG00000266028	gene
MACS_peak_1637	ENSG00000266028	gene
MACS_peak_1638	ENSG00000266028	gene
MACS_peak_1649	ENSG00000162894	gene
MACS_peak_1650	ENSG00000123836	gene
MACS_peak_1651	ENSG00000123836	gene
MACS_peak_1651	ENSG00000180667	gene
MACS_peak_1652	ENSG00000123836	gene
MACS_peak_1677	ENSG00000143476	gene
MACS_peak_1710	ENSG00000092978	gene
MACS_peak_1711	ENSG00000162814	gene
MACS_peak_1712	ENSG00000162814	gene
MACS_peak_1713	ENSG00000162814	gene
MACS_peak_1738	ENSG00000136628	gene
MACS_peak_1739	ENSG00000067704	gene
MACS_peak_1740	ENSG00000118873	gene
MACS_peak_1741	ENSG00000118873	gene
MACS_peak_1742	ENSG00000118873	gene
MACS_peak_1744	ENSG00000117791	gene
MACS_peak_1776	ENSG00000162923	gene
MACS_peak_1818	ENSG00000069248	gene
MACS_peak_1841	ENSG00000119285	gene
MACS_peak_1889	ENSG00000169224	gene
MACS_peak_9899	ENSG00000169016	promoter
MACS_peak_10284	ENSG00000143952	promoter
MACS_peak_10373	ENSG00000159239	promoter
MACS_peak_10618	ENSG00000135976	promoter
MACS_peak_10631	ENSG00000183513	promoter
MACS_peak_10651	ENSG00000115602	promoter
MACS_peak_10708	ENSG00000186522	promoter
MACS_peak_10875	ENSG00000136699	promoter
MACS_peak_10877	ENSG00000072135	promoter
MACS_peak_10918	ENSG00000121988	promoter
MACS_peak_11006	ENSG00000150556	promoter
MACS_peak_11223	ENSG00000128709	promoter
MACS_peak_11325	ENSG00000168542	promoter
MACS_peak_11327	ENSG00000204262	promoter
MACS_peak_11332	ENSG00000138381	promoter
MACS_peak_11431	ENSG00000013441	promoter
MACS_peak_11437	ENSG00000055044	promoter
MACS_peak_11564	ENSG00000115649	promoter
MACS_peak_11588	ENSG00000135919	promoter
MACS_peak_9874	ENSG00000134321	gene
MACS_peak_9892	ENSG00000115761	gene
MACS_peak_9893	ENSG00000143870	gene
MACS_peak_10003	ENSG00000138101	gene
MACS_peak_10004	ENSG00000138101	gene
MACS_peak_10005	ENSG00000138101	gene
MACS_peak_10006	ENSG00000138101	gene
MACS_peak_10017	ENSG00000243943	gene
MACS_peak_10018	ENSG00000163798	gene
MACS_peak_10019	ENSG00000243147	gene
MACS_peak_10019	ENSG00000158019	gene
MACS_peak_10020	ENSG00000158019	gene
MACS_peak_10021	ENSG00000158019	gene
MACS_peak_10050	ENSG00000162961	gene
MACS_peak_10051	ENSG00000162961	gene
MACS_peak_10111	ENSG00000115904	gene
MACS_peak_10112	ENSG00000115904	gene
MACS_peak_10237	ENSG00000115392	gene
MACS_peak_10238	ENSG00000115392	gene
MACS_peak_10239	ENSG00000115392	gene
MACS_peak_10240	ENSG00000115392	gene
MACS_peak_10283	ENSG00000169764	gene
MACS_peak_10284	ENSG00000169764	gene
MACS_peak_10285	ENSG00000143952	gene
MACS_peak_10340	ENSG00000258881	gene
MACS_peak_10357	ENSG00000144040	gene
MACS_peak_10619	ENSG00000135976	gene
MACS_peak_10620	ENSG00000135976	gene
MACS_peak_10641	ENSG00000071082	gene
MACS_peak_10642	ENSG00000071082	gene
MACS_peak_10652	ENSG00000115602	gene
MACS_peak_10653	ENSG00000115602	gene
MACS_peak_10657	ENSG00000170417	gene
MACS_peak_10743	ENSG00000153107	gene
MACS_peak_10744	ENSG00000153107	gene
MACS_peak_10745	ENSG00000153107	gene
MACS_peak_10812	ENSG00000125633	gene
MACS_peak_10813	ENSG00000125633	gene
MACS_peak_10814	ENSG00000125633	gene
MACS_peak_10880	ENSG00000173272	gene
MACS_peak_10918	ENSG00000115839	gene
MACS_peak_10919	ENSG00000121988	gene
MACS_peak_10920	ENSG00000121988	gene
MACS_peak_10921	ENSG00000121988	gene
MACS_peak_10922	ENSG00000121988	gene
MACS_peak_10923	ENSG00000048991	gene
MACS_peak_10993	ENSG00000115947	gene
MACS_peak_11001	ENSG00000135999	gene
MACS_peak_11024	ENSG00000162980	gene
MACS_peak_11078	ENSG00000153237	gene
MACS_peak_11079	ENSG00000153237	gene
MACS_peak_11080	ENSG00000153237	gene
MACS_peak_11081	ENSG00000153237	gene
MACS_peak_11109	ENSG00000115267	gene
MACS_peak_11169	ENSG00000138398	gene
MACS_peak_11181	ENSG00000077380	gene
MACS_peak_11182	ENSG00000077380	gene
MACS_peak_11183	ENSG00000115840	gene
MACS_peak_11183	ENSG00000128708	gene
MACS_peak_11184	ENSG00000115840	gene
MACS_peak_11184	ENSG00000128708	gene
MACS_peak_11209	ENSG00000138433	gene
MACS_peak_11210	ENSG00000138433	gene
MACS_peak_11264	ENSG00000188452	gene
MACS_peak_11265	ENSG00000188452	gene
MACS_peak_11326	ENSG00000168542	gene
MACS_peak_11331	ENSG00000115368	gene
MACS_peak_11391	ENSG00000138411	gene
MACS_peak_11392	ENSG00000138411	gene
MACS_peak_11393	ENSG00000138411	gene
MACS_peak_11394	ENSG00000138411	gene
MACS_peak_11438	ENSG00000055044	gene
MACS_peak_11444	ENSG00000119004	gene
MACS_peak_11634	ENSG00000077044	gene
MACS_peak_11642	ENSG00000157985	gene
MACS_peak_11656	ENSG00000068024	gene
MACS_peak_11658	ENSG00000130414	gene
MACS_peak_13098	ENSG00000131375	promoter
MACS_peak_13112	ENSG00000154814	promoter
MACS_peak_13230	ENSG00000033867	promoter
MACS_peak_13239	ENSG00000163512	promoter
MACS_peak_13339	ENSG00000181061	promoter
MACS_peak_13355	ENSG00000160791	promoter
MACS_peak_13358	ENSG00000160799	promoter
MACS_peak_13363	ENSG00000164051	promoter
MACS_peak_13363	ENSG00000232112	promoter
MACS_peak_13365	ENSG00000178252	promoter
MACS_peak_13366	ENSG00000173402	promoter
MACS_peak_13370	ENSG00000114353	promoter
MACS_peak_13372	ENSG00000114738	promoter
MACS_peak_13415	ENSG00000168309	promoter
MACS_peak_13489	ENSG00000163636	promoter
MACS_peak_13590	ENSG00000144736	promoter
MACS_peak_13988	ENSG00000082701	promoter
MACS_peak_14106	ENSG00000081307	promoter
MACS_peak_14261	ENSG00000163751	promoter
MACS_peak_14519	ENSG00000163584	promoter
MACS_peak_14584	ENSG00000136518	promoter
MACS_peak_14588	ENSG00000114757	promoter
MACS_peak_14624	ENSG00000161203	promoter
MACS_peak_13016	ENSG00000134108	gene
MACS_peak_13047	ENSG00000168137	gene
MACS_peak_13099	ENSG00000131375	gene
MACS_peak_13102	ENSG00000206562	gene
MACS_peak_13103	ENSG00000206562	gene
MACS_peak_13104	ENSG00000206560	gene
MACS_peak_13105	ENSG00000206560	gene
MACS_peak_13106	ENSG00000206560	gene
MACS_peak_13213	ENSG00000077097	gene
MACS_peak_13214	ENSG00000151092	gene
MACS_peak_13227	ENSG00000163491	gene
MACS_peak_13228	ENSG00000163491	gene
MACS_peak_13229	ENSG00000163491	gene
MACS_peak_13231	ENSG00000033867	gene
MACS_peak_13239	ENSG00000187118	gene
MACS_peak_13240	ENSG00000163512	gene
MACS_peak_13261	ENSG00000144645	gene
MACS_peak_13265	ENSG00000170293	gene
MACS_peak_13267	ENSG00000144635	gene
MACS_peak_13269	ENSG00000182973	gene
MACS_peak_13270	ENSG00000153558	gene
MACS_peak_13271	ENSG00000153558	gene
MACS_peak_13273	ENSG00000163539	gene
MACS_peak_13276	ENSG00000170248	gene
MACS_peak_13331	ENSG00000168036	gene
MACS_peak_13340	ENSG00000144648	gene
MACS_peak_13340	ENSG00000273291	gene
MACS_peak_13342	ENSG00000273291	gene
MACS_peak_13344	ENSG00000160746	gene
MACS_peak_13345	ENSG00000160746	gene
MACS_peak_13346	ENSG00000160746	gene
MACS_peak_13347	ENSG00000160746	gene
MACS_peak_13348	ENSG00000011198	gene
MACS_peak_13352	ENSG00000211456	gene
MACS_peak_13353	ENSG00000163820	gene
MACS_peak_13356	ENSG00000206549	gene
MACS_peak_13359	ENSG00000114650	gene
MACS_peak_13360	ENSG00000114650	gene
MACS_peak_13361	ENSG00000047849	gene
MACS_peak_13364	ENSG00000177479	gene
MACS_peak_13368	ENSG00000183763	gene
MACS_peak_13371	ENSG00000114353	gene
MACS_peak_13412	ENSG00000163681	gene
MACS_peak_13413	ENSG00000163681	gene
MACS_peak_13414	ENSG00000168306	gene
MACS_peak_13483	ENSG00000163634	gene
MACS_peak_13484	ENSG00000163634	gene
MACS_peak_13486	ENSG00000163635	gene
MACS_peak_13487	ENSG00000163635	gene
MACS_peak_13490	ENSG00000163636	gene
MACS_peak_13491	ENSG00000163636	gene
MACS_peak_13553	ENSG00000144741	gene
MACS_peak_13554	ENSG00000144741	gene
MACS_peak_13568	ENSG00000144744	gene
MACS_peak_13830	ENSG00000036054	gene
MACS_peak_13896	ENSG00000114446	gene
MACS_peak_13902	ENSG00000198919	gene
MACS_peak_13903	ENSG00000198919	gene
MACS_peak_13927	ENSG00000153283	gene
MACS_peak_13931	ENSG00000172139	gene
MACS_peak_13932	ENSG00000172139	gene
MACS_peak_13933	ENSG00000172139	gene
MACS_peak_13945	ENSG00000121579	gene
MACS_peak_13989	ENSG00000082701	gene
MACS_peak_13990	ENSG00000082701	gene
MACS_peak_13999	ENSG00000144840	gene
MACS_peak_14000	ENSG00000144840	gene
MACS_peak_14022	ENSG00000121542	gene
MACS_peak_14023	ENSG00000121542	gene
MACS_peak_14028	ENSG00000065534	gene
MACS_peak_14029	ENSG00000065534	gene
MACS_peak_14039	ENSG00000163848	gene
MACS_peak_14071	ENSG00000075785	gene
MACS_peak_14084	ENSG00000196455	gene
MACS_peak_14085	ENSG00000196455	gene
MACS_peak_14087	ENSG00000114670	gene
MACS_peak_14089	ENSG00000114670	gene
MACS_peak_14092	ENSG00000114686	gene
MACS_peak_14093	ENSG00000114686	gene
MACS_peak_14104	ENSG00000138246	gene
MACS_peak_14105	ENSG00000138246	gene
MACS_peak_14172	ENSG00000114107	gene
MACS_peak_14173	ENSG00000114107	gene
MACS_peak_14178	ENSG00000175110	gene
MACS_peak_14179	ENSG00000175110	gene
MACS_peak_14180	ENSG00000184432	gene
MACS_peak_14285	ENSG00000198843	gene
MACS_peak_14289	ENSG00000144893	gene
MACS_peak_14290	ENSG00000144893	gene
MACS_peak_14291	ENSG00000144893	gene
MACS_peak_14292	ENSG00000144893	gene
MACS_peak_14293	ENSG00000144893	gene
MACS_peak_14295	ENSG00000144893	gene
MACS_peak_14339	ENSG00000114805	gene
MACS_peak_14340	ENSG00000114805	gene
MACS_peak_14341	ENSG00000114805	gene
MACS_peak_14342	ENSG00000114805	gene
MACS_peak_14407	ENSG00000169255	gene
MACS_peak_14408	ENSG00000169251	gene
MACS_peak_14409	ENSG00000169251	gene
MACS_peak_14583	ENSG00000171109	gene
MACS_peak_14585	ENSG00000136521	gene
MACS_peak_14586	ENSG00000058056	gene
MACS_peak_14589	ENSG00000114757	gene
MACS_peak_14590	ENSG00000114757	gene
MACS_peak_14602	ENSG00000145075	gene
MACS_peak_14603	ENSG00000145075	gene
MACS_peak_14604	ENSG00000114416	gene
MACS_peak_14623	ENSG00000161202	gene
MACS_peak_14637	ENSG00000163904	gene
MACS_peak_14678	ENSG00000090530	gene
MACS_peak_14705	ENSG00000198836	gene
MACS_peak_14715	ENSG00000114331	gene
MACS_peak_14724	ENSG00000072274	gene
MACS_peak_14727	ENSG00000163964	gene
MACS_peak_14728	ENSG00000180370	gene
MACS_peak_14730	ENSG00000119231	gene
MACS_peak_14737	ENSG00000186001	gene
MACS_peak_14759	ENSG00000214367	promoter
MACS_peak_14889	ENSG00000047662	promoter
MACS_peak_15103	ENSG00000128039	promoter
MACS_peak_15104	ENSG00000134851	promoter
MACS_peak_15199	ENSG00000132467	promoter
MACS_peak_15460	ENSG00000180245	promoter
MACS_peak_15619	ENSG00000179387	promoter
MACS_peak_14754	ENSG00000178950	gene
MACS_peak_14780	ENSG00000072840	gene
MACS_peak_14880	ENSG00000118564	gene
MACS_peak_14988	ENSG00000065882	gene
MACS_peak_14989	ENSG00000065882	gene
MACS_peak_14991	ENSG00000065882	gene
MACS_peak_14996	ENSG00000163683	gene
MACS_peak_14997	ENSG00000121892	gene
MACS_peak_14998	ENSG00000121892	gene
MACS_peak_15007	ENSG00000109133	gene
MACS_peak_15034	ENSG00000145246	gene
MACS_peak_15036	ENSG00000163293	gene
MACS_peak_15036	ENSG00000198515	gene
MACS_peak_15091	ENSG00000145216	gene
MACS_peak_15092	ENSG00000145216	gene
MACS_peak_15099	ENSG00000134853	gene
MACS_peak_15105	ENSG00000134852	gene
MACS_peak_15110	ENSG00000128059	gene
MACS_peak_15200	ENSG00000173542	gene
MACS_peak_15201	ENSG00000173542	gene
MACS_peak_15201	ENSG00000156136	gene
MACS_peak_15285	ENSG00000145284	gene
MACS_peak_15286	ENSG00000145284	gene
MACS_peak_15287	ENSG00000138674	gene
MACS_peak_15289	ENSG00000138663	gene
MACS_peak_15300	ENSG00000163625	gene
MACS_peak_15301	ENSG00000163625	gene
MACS_peak_15407	ENSG00000164035	gene
MACS_peak_15408	ENSG00000164035	gene
MACS_peak_15409	ENSG00000164035	gene
MACS_peak_15410	ENSG00000164035	gene
MACS_peak_15411	ENSG00000164035	gene
MACS_peak_15412	ENSG00000164035	gene
MACS_peak_15426	ENSG00000138778	gene
MACS_peak_15441	ENSG00000138785	gene
MACS_peak_15441	ENSG00000138780	gene
MACS_peak_15442	ENSG00000138785	gene
MACS_peak_15443	ENSG00000138785	gene
MACS_peak_15541	ENSG00000145375	gene
MACS_peak_15542	ENSG00000145375	gene
MACS_peak_15543	ENSG00000145375	gene
MACS_peak_15544	ENSG00000145375	gene
MACS_peak_15545	ENSG00000145375	gene
MACS_peak_15617	ENSG00000153130	gene
MACS_peak_15645	ENSG00000164162	gene
MACS_peak_15647	ENSG00000151611	gene
MACS_peak_15655	ENSG00000137473	gene
MACS_peak_15656	ENSG00000137473	gene
MACS_peak_15657	ENSG00000137473	gene
MACS_peak_15708	ENSG00000145431	gene
MACS_peak_15774	ENSG00000181381	gene
MACS_peak_15775	ENSG00000145439	gene
MACS_peak_15806	ENSG00000164118	gene
MACS_peak_15807	ENSG00000164118	gene
MACS_peak_15936	ENSG00000173545	promoter
MACS_peak_16239	ENSG00000145649	promoter
MACS_peak_16335	ENSG00000152942	promoter
MACS_peak_16689	ENSG00000129625	promoter
MACS_peak_16708	ENSG00000145782	promoter
MACS_peak_16709	ENSG00000177879	promoter
MACS_peak_16860	ENSG00000120733	promoter
MACS_peak_16863	ENSG00000120738	promoter
MACS_peak_16884	ENSG00000197479	promoter
MACS_peak_16885	ENSG00000204956	promoter
MACS_peak_16886	ENSG00000204956	promoter
MACS_peak_16887	ENSG00000254221	promoter
MACS_peak_16946	ENSG00000157510	promoter
MACS_peak_16953	ENSG00000070614	promoter
MACS_peak_16996	ENSG00000082515	promoter
MACS_peak_17017	ENSG00000135077	promoter
MACS_peak_17058	ENSG00000072571	promoter
MACS_peak_17102	ENSG00000168246	promoter
MACS_peak_17130	ENSG00000113194	promoter
MACS_peak_17146	ENSG00000145916	promoter
MACS_peak_17148	ENSG00000087116	promoter
MACS_peak_15882	ENSG00000164151	gene
MACS_peak_15893	ENSG00000124275	gene
MACS_peak_15893	ENSG00000124279	gene
MACS_peak_16078	ENSG00000164190	gene
MACS_peak_16079	ENSG00000164190	gene
MACS_peak_16080	ENSG00000164190	gene
MACS_peak_16081	ENSG00000164190	gene
MACS_peak_16083	ENSG00000113569	gene
MACS_peak_16084	ENSG00000082068	gene
MACS_peak_16128	ENSG00000172262	gene
MACS_peak_16224	ENSG00000164171	gene
MACS_peak_16240	ENSG00000067248	gene
MACS_peak_16241	ENSG00000039123	gene
MACS_peak_16251	ENSG00000062194	gene
MACS_peak_16274	ENSG00000035499	gene
MACS_peak_16275	ENSG00000035499	gene
MACS_peak_16284	ENSG00000068796	gene
MACS_peak_16284	ENSG00000086200	gene
MACS_peak_16285	ENSG00000068796	gene
MACS_peak_16285	ENSG00000086200	gene
MACS_peak_16301	ENSG00000153015	gene
MACS_peak_16306	ENSG00000112851	gene
MACS_peak_16307	ENSG00000112851	gene
MACS_peak_16308	ENSG00000112851	gene
MACS_peak_16309	ENSG00000112851	gene
MACS_peak_16423	ENSG00000171530	gene
MACS_peak_16424	ENSG00000171530	gene
MACS_peak_16550	ENSG00000185261	gene
MACS_peak_16551	ENSG00000133302	gene
MACS_peak_16690	ENSG00000172795	gene
MACS_peak_16709	ENSG00000145782	gene
MACS_peak_16710	ENSG00000177879	gene
MACS_peak_16732	ENSG00000172869	gene
MACS_peak_16759	ENSG00000151292	gene
MACS_peak_16760	ENSG00000151292	gene
MACS_peak_16811	ENSG00000158985	gene
MACS_peak_16812	ENSG00000158987	gene
MACS_peak_16813	ENSG00000158987	gene
MACS_peak_16814	ENSG00000217128	gene
MACS_peak_16815	ENSG00000217128	gene
MACS_peak_16816	ENSG00000217128	gene
MACS_peak_16825	ENSG00000155329	gene
MACS_peak_16826	ENSG00000170606	gene
MACS_peak_16843	ENSG00000113658	gene
MACS_peak_16859	ENSG00000094880	gene
MACS_peak_16861	ENSG00000120733	gene
MACS_peak_16871	ENSG00000131508	gene
MACS_peak_16872	ENSG00000131508	gene
MACS_peak_16873	ENSG00000131508	gene
MACS_peak_16881	ENSG00000204969	gene
MACS_peak_16881	ENSG00000255408	gene
MACS_peak_16881	ENSG00000204967	gene
MACS_peak_16881	ENSG00000204965	gene
MACS_peak_16881	ENSG00000250120	gene
MACS_peak_16881	ENSG00000249158	gene
MACS_peak_16881	ENSG00000251664	gene
MACS_peak_16881	ENSG00000248383	gene
MACS_peak_16881	ENSG00000243232	gene
MACS_peak_16887	ENSG00000204956	gene
MACS_peak_16887	ENSG00000081853	gene
MACS_peak_16887	ENSG00000254245	gene
MACS_peak_16888	ENSG00000204956	gene
MACS_peak_16888	ENSG00000081853	gene
MACS_peak_16888	ENSG00000254245	gene
MACS_peak_16888	ENSG00000254221	gene
MACS_peak_16888	ENSG00000262576	gene
MACS_peak_16888	ENSG00000253910	gene
MACS_peak_16888	ENSG00000253485	gene
MACS_peak_16888	ENSG00000262209	gene
MACS_peak_16888	ENSG00000253731	gene
MACS_peak_16888	ENSG00000253537	gene
MACS_peak_16922	ENSG00000133706	gene
MACS_peak_16947	ENSG00000157510	gene
MACS_peak_16955	ENSG00000132912	gene
MACS_peak_16956	ENSG00000132912	gene
MACS_peak_16989	ENSG00000037749	gene
MACS_peak_16995	ENSG00000082516	gene
MACS_peak_16997	ENSG00000082515	gene
MACS_peak_16998	ENSG00000082515	gene
MACS_peak_17018	ENSG00000135077	gene
MACS_peak_17021	ENSG00000113282	gene
MACS_peak_17022	ENSG00000113282	gene
MACS_peak_17031	ENSG00000113312	gene
MACS_peak_17083	ENSG00000134516	gene
MACS_peak_17084	ENSG00000134516	gene
MACS_peak_17097	ENSG00000072803	gene
MACS_peak_17098	ENSG00000072803	gene
MACS_peak_17099	ENSG00000072803	gene
MACS_peak_17136	ENSG00000165671	gene
MACS_peak_17138	ENSG00000131188	gene
MACS_peak_17151	ENSG00000161021	gene
MACS_peak_17182	ENSG00000112685	promoter
MACS_peak_17207	ENSG00000124570	promoter
MACS_peak_17382	ENSG00000204394	promoter
MACS_peak_17383	ENSG00000204392	promoter
MACS_peak_17392	ENSG00000237649	promoter
MACS_peak_17400	ENSG00000112033	promoter
MACS_peak_17407	ENSG00000156711	promoter
MACS_peak_17436	ENSG00000112578	promoter
MACS_peak_17504	ENSG00000112118	promoter
MACS_peak_17676	ENSG00000196586	promoter
MACS_peak_17679	ENSG00000112706	promoter
MACS_peak_17782	ENSG00000135334	promoter
MACS_peak_17841	ENSG00000112234	promoter
MACS_peak_17848	ENSG00000123552	promoter
MACS_peak_17922	ENSG00000009413	promoter
MACS_peak_17937	ENSG00000196591	promoter
MACS_peak_18009	ENSG00000111907	promoter
MACS_peak_18128	ENSG00000009844	promoter
MACS_peak_18160	ENSG00000120253	promoter
MACS_peak_18167	ENSG00000181472	promoter
MACS_peak_18168	ENSG00000155906	promoter
MACS_peak_18207	ENSG00000130363	promoter
MACS_peak_18245	ENSG00000071994	promoter
MACS_peak_17183	ENSG00000112685	gene
MACS_peak_17185	ENSG00000112685	gene
MACS_peak_17186	ENSG00000112685	gene
MACS_peak_17187	ENSG00000112685	gene
MACS_peak_17217	ENSG00000214113	gene
MACS_peak_17218	ENSG00000145982	gene
MACS_peak_17219	ENSG00000145982	gene
MACS_peak_17220	ENSG00000145982	gene
MACS_peak_17221	ENSG00000145982	gene
MACS_peak_17222	ENSG00000145982	gene
MACS_peak_17223	ENSG00000145982	gene
MACS_peak_17224	ENSG00000145982	gene
MACS_peak_17236	ENSG00000124783	gene
MACS_peak_17238	ENSG00000259040	gene
MACS_peak_17255	ENSG00000137210	gene
MACS_peak_17262	ENSG00000205269	gene
MACS_peak_17382	ENSG00000204396	gene
MACS_peak_17384	ENSG00000244731	gene
MACS_peak_17385	ENSG00000224389	gene
MACS_peak_17396	ENSG00000065060	gene
MACS_peak_17398	ENSG00000065029	gene
MACS_peak_17401	ENSG00000112033	gene
MACS_peak_17437	ENSG00000024048	gene
MACS_peak_17439	ENSG00000112624	gene
MACS_peak_17443	ENSG00000137216	gene
MACS_peak_17445	ENSG00000096401	gene
MACS_peak_17454	ENSG00000001561	gene
MACS_peak_17506	ENSG00000112146	gene
MACS_peak_17671	ENSG00000112697	gene
MACS_peak_17672	ENSG00000112697	gene
MACS_peak_17673	ENSG00000112701	gene
MACS_peak_17674	ENSG00000112701	gene
MACS_peak_17675	ENSG00000112701	gene
MACS_peak_17677	ENSG00000196586	gene
MACS_peak_17678	ENSG00000196586	gene
MACS_peak_17680	ENSG00000112706	gene
MACS_peak_17732	ENSG00000005700	gene
MACS_peak_17744	ENSG00000135315	gene
MACS_peak_17761	ENSG00000135317	gene
MACS_peak_17762	ENSG00000135317	gene
MACS_peak_17781	ENSG00000213204	gene
MACS_peak_17792	ENSG00000111880	gene
MACS_peak_17793	ENSG00000111880	gene
MACS_peak_17798	ENSG00000112159	gene
MACS_peak_17799	ENSG00000112159	gene
MACS_peak_17849	ENSG00000123552	gene
MACS_peak_17861	ENSG00000112249	gene
MACS_peak_17862	ENSG00000112249	gene
MACS_peak_17863	ENSG00000112249	gene
MACS_peak_17864	ENSG00000112249	gene
MACS_peak_17865	ENSG00000112249	gene
MACS_peak_17866	ENSG00000112249	gene
MACS_peak_17890	ENSG00000085382	gene
MACS_peak_17900	ENSG00000025796	gene
MACS_peak_17902	ENSG00000135537	gene
MACS_peak_17903	ENSG00000135537	gene
MACS_peak_17906	ENSG00000155085	gene
MACS_peak_17907	ENSG00000155085	gene
MACS_peak_17908	ENSG00000155085	gene
MACS_peak_17909	ENSG00000155085	gene
MACS_peak_17910	ENSG00000112367	gene
MACS_peak_17915	ENSG00000112290	gene
MACS_peak_17918	ENSG00000155111	gene
MACS_peak_17920	ENSG00000197498	gene
MACS_peak_17925	ENSG00000203778	gene
MACS_peak_17926	ENSG00000112769	gene
MACS_peak_17938	ENSG00000196591	gene
MACS_peak_18010	ENSG00000111907	gene
MACS_peak_18015	ENSG00000111911	gene
MACS_peak_18042	ENSG00000164483	gene
MACS_peak_18043	ENSG00000164483	gene
MACS_peak_18044	ENSG00000164483	gene
MACS_peak_18045	ENSG00000164483	gene
MACS_peak_18129	ENSG00000009844	gene
MACS_peak_18141	ENSG00000112425	gene
MACS_peak_18142	ENSG00000112425	gene
MACS_peak_18143	ENSG00000112425	gene
MACS_peak_18144	ENSG00000112425	gene
MACS_peak_18159	ENSG00000131023	gene
MACS_peak_18169	ENSG00000120262	gene
MACS_peak_18192	ENSG00000213079	gene
MACS_peak_18200	ENSG00000049618	gene
MACS_peak_18202	ENSG00000078269	gene
MACS_peak_18204	ENSG00000130338	gene
MACS_peak_18210	ENSG00000197081	gene
MACS_peak_18232	ENSG00000213066	gene
MACS_peak_18241	ENSG00000184465	gene
MACS_peak_18444	ENSG00000136243	promoter
MACS_peak_18468	ENSG00000122565	promoter
MACS_peak_18473	ENSG00000106004	promoter
MACS_peak_18473	ENSG00000106006	promoter
MACS_peak_18474	ENSG00000122592	promoter
MACS_peak_18477	ENSG00000106052	promoter
MACS_peak_18512	ENSG00000105778	promoter
MACS_peak_18992	ENSG00000157259	promoter
MACS_peak_18993	ENSG00000157259	promoter
MACS_peak_19014	ENSG00000164692	promoter
MACS_peak_19053	ENSG00000164715	promoter
MACS_peak_19066	ENSG00000106246	promoter
MACS_peak_19086	ENSG00000128581	promoter
MACS_peak_19099	ENSG00000168255	promoter
MACS_peak_19100	ENSG00000168255	promoter
MACS_peak_19232	ENSG00000105974	promoter
MACS_peak_19285	ENSG00000128609	promoter
MACS_peak_19286	ENSG00000128609	promoter
MACS_peak_19317	ENSG00000106344	promoter
MACS_peak_19321	ENSG00000165055	promoter
MACS_peak_19510	ENSG00000146909	promoter
MACS_peak_18262	ENSG00000164828	gene
MACS_peak_18263	ENSG00000240230	gene
MACS_peak_18264	ENSG00000146540	gene
MACS_peak_18274	ENSG00000002822	gene
MACS_peak_18275	ENSG00000106268	gene
MACS_peak_18277	ENSG00000106263	gene
MACS_peak_18278	ENSG00000106263	gene
MACS_peak_18279	ENSG00000106012	gene
MACS_peak_18281	ENSG00000146535	gene
MACS_peak_18305	ENSG00000155034	gene
MACS_peak_18306	ENSG00000155034	gene
MACS_peak_18308	ENSG00000011275	gene
MACS_peak_18309	ENSG00000011275	gene
MACS_peak_18310	ENSG00000011275	gene
MACS_peak_18312	ENSG00000122512	gene
MACS_peak_18313	ENSG00000122512	gene
MACS_peak_18314	ENSG00000106346	gene
MACS_peak_18318	ENSG00000164535	gene
MACS_peak_18319	ENSG00000164535	gene
MACS_peak_18319	ENSG00000136240	gene
MACS_peak_18333	ENSG00000215018	gene
MACS_peak_18334	ENSG00000164654	gene
MACS_peak_18335	ENSG00000106399	gene
MACS_peak_18335	ENSG00000219545	gene
MACS_peak_18337	ENSG00000106399	gene
MACS_peak_18337	ENSG00000219545	gene
MACS_peak_18409	ENSG00000071189	gene
MACS_peak_18473	ENSG00000105997	gene
MACS_peak_18474	ENSG00000105997	gene
MACS_peak_18488	ENSG00000106105	gene
MACS_peak_18512	ENSG00000106355	gene
MACS_peak_18513	ENSG00000105778	gene
MACS_peak_18522	ENSG00000122507	gene
MACS_peak_18523	ENSG00000122507	gene
MACS_peak_18524	ENSG00000122507	gene
MACS_peak_18525	ENSG00000122507	gene
MACS_peak_18526	ENSG00000122507	gene
MACS_peak_18527	ENSG00000122507	gene
MACS_peak_18528	ENSG00000122507	gene
MACS_peak_18593	ENSG00000015676	gene
MACS_peak_18785	ENSG00000234444	gene
MACS_peak_18786	ENSG00000196247	gene
MACS_peak_18802	ENSG00000106609	gene
MACS_peak_18803	ENSG00000198874	gene
MACS_peak_18804	ENSG00000198874	gene
MACS_peak_18805	ENSG00000198874	gene
MACS_peak_18818	ENSG00000183166	gene
MACS_peak_18823	ENSG00000196313	gene
MACS_peak_18825	ENSG00000009954	gene
MACS_peak_18829	ENSG00000049540	gene
MACS_peak_18839	ENSG00000272391	gene
MACS_peak_18840	ENSG00000272391	gene
MACS_peak_18845	ENSG00000005486	gene
MACS_peak_18846	ENSG00000127948	gene
MACS_peak_18861	ENSG00000187257	gene
MACS_peak_18862	ENSG00000006576	gene
MACS_peak_18878	ENSG00000135218	gene
MACS_peak_18879	ENSG00000135218	gene
MACS_peak_18880	ENSG00000135218	gene
MACS_peak_18881	ENSG00000135218	gene
MACS_peak_18942	ENSG00000135164	gene
MACS_peak_18968	ENSG00000157224	gene
MACS_peak_18969	ENSG00000157224	gene
MACS_peak_18982	ENSG00000127989	gene
MACS_peak_18983	ENSG00000127989	gene
MACS_peak_18984	ENSG00000127989	gene
MACS_peak_18985	ENSG00000127989	gene
MACS_peak_18986	ENSG00000127989	gene
MACS_peak_18990	ENSG00000001631	gene
MACS_peak_19034	ENSG00000127922	gene
MACS_peak_19035	ENSG00000127922	gene
MACS_peak_19036	ENSG00000127922	gene
MACS_peak_19054	ENSG00000164715	gene
MACS_peak_19065	ENSG00000241685	gene
MACS_peak_19066	ENSG00000106245	gene
MACS_peak_19070	ENSG00000146833	gene
MACS_peak_19074	ENSG00000166526	gene
MACS_peak_19076	ENSG00000066923	gene
MACS_peak_19076	ENSG00000239521	gene
MACS_peak_19077	ENSG00000066923	gene
MACS_peak_19077	ENSG00000239521	gene
MACS_peak_19080	ENSG00000166925	gene
MACS_peak_19096	ENSG00000128563	gene
MACS_peak_19101	ENSG00000168255	gene
MACS_peak_19102	ENSG00000168255	gene
MACS_peak_19114	ENSG00000222011	gene
MACS_peak_19115	ENSG00000222011	gene
MACS_peak_19122	ENSG00000164815	gene
MACS_peak_19135	ENSG00000005483	gene
MACS_peak_19136	ENSG00000135250	gene
MACS_peak_19137	ENSG00000135250	gene
MACS_peak_19153	ENSG00000164597	gene
MACS_peak_19154	ENSG00000164597	gene
MACS_peak_19155	ENSG00000164597	gene
MACS_peak_19156	ENSG00000164597	gene
MACS_peak_19157	ENSG00000164597	gene
MACS_peak_19158	ENSG00000164597	gene
MACS_peak_19159	ENSG00000164597	gene
MACS_peak_19160	ENSG00000075790	gene
MACS_peak_19165	ENSG00000105879	gene
MACS_peak_19230	ENSG00000105971	gene
MACS_peak_19231	ENSG00000105971	gene
MACS_peak_19235	ENSG00000198898	gene
MACS_peak_19261	ENSG00000106025	gene
MACS_peak_19300	ENSG00000128513	gene
MACS_peak_19336	ENSG00000091732	gene
MACS_peak_19344	ENSG00000128585	gene
MACS_peak_19351	ENSG00000106554	gene
MACS_peak_19353	ENSG00000131558	gene
MACS_peak_19354	ENSG00000131558	gene
MACS_peak_19391	ENSG00000105948	gene
MACS_peak_19392	ENSG00000105948	gene
MACS_peak_19395	ENSG00000146963	gene
MACS_peak_19400	ENSG00000090266	gene
MACS_peak_19405	ENSG00000006530	gene
MACS_peak_19466	ENSG00000197024	gene
MACS_peak_19482	ENSG00000106617	gene
MACS_peak_19483	ENSG00000106617	gene
MACS_peak_19486	ENSG00000055609	gene
MACS_peak_19487	ENSG00000055609	gene
MACS_peak_19506	ENSG00000105983	gene
MACS_peak_19507	ENSG00000105983	gene
MACS_peak_19508	ENSG00000105983	gene
MACS_peak_19511	ENSG00000009335	gene
MACS_peak_19518	ENSG00000126870	gene
MACS_peak_19580	ENSG00000154328	promoter
MACS_peak_19672	ENSG00000120885	promoter
MACS_peak_19716	ENSG00000158669	promoter
MACS_peak_19801	ENSG00000023287	promoter
MACS_peak_19915	ENSG00000140396	promoter
MACS_peak_20065	ENSG00000085719	promoter
MACS_peak_20191	ENSG00000175895	promoter
MACS_peak_20464	ENSG00000147679	promoter
MACS_peak_20493	ENSG00000187955	promoter
MACS_peak_20580	ENSG00000173334	promoter
MACS_peak_20706	ENSG00000130193	promoter
MACS_peak_20719	ENSG00000185189	promoter
MACS_peak_20723	ENSG00000167700	promoter
MACS_peak_20723	ENSG00000160957	promoter
MACS_peak_19575	ENSG00000173273	gene
MACS_peak_19576	ENSG00000173273	gene
MACS_peak_19579	ENSG00000104643	gene
MACS_peak_19614	ENSG00000078674	gene
MACS_peak_19615	ENSG00000078674	gene
MACS_peak_19623	ENSG00000104611	gene
MACS_peak_19624	ENSG00000104611	gene
MACS_peak_19638	ENSG00000104635	gene
MACS_peak_19639	ENSG00000120910	gene
MACS_peak_19640	ENSG00000120896	gene
MACS_peak_19641	ENSG00000120896	gene
MACS_peak_19655	ENSG00000147459	gene
MACS_peak_19663	ENSG00000104765	gene
MACS_peak_19664	ENSG00000092964	gene
MACS_peak_19670	ENSG00000120899	gene
MACS_peak_19674	ENSG00000012232	gene
MACS_peak_19675	ENSG00000104299	gene
MACS_peak_19676	ENSG00000147421	gene
MACS_peak_19688	ENSG00000129696	gene
MACS_peak_19688	ENSG00000198042	gene
MACS_peak_19776	ENSG00000253729	gene
MACS_peak_19802	ENSG00000023287	gene
MACS_peak_19803	ENSG00000023287	gene
MACS_peak_19812	ENSG00000047249	gene
MACS_peak_19813	ENSG00000187735	gene
MACS_peak_19836	ENSG00000104331	gene
MACS_peak_19854	ENSG00000104388	gene
MACS_peak_19855	ENSG00000104388	gene
MACS_peak_19894	ENSG00000185697	gene
MACS_peak_19895	ENSG00000185697	gene
MACS_peak_19916	ENSG00000140396	gene
MACS_peak_19935	ENSG00000147601	gene
MACS_peak_19941	ENSG00000040341	gene
MACS_peak_19942	ENSG00000040341	gene
MACS_peak_19992	ENSG00000276418	gene
MACS_peak_19993	ENSG00000276418	gene
MACS_peak_19994	ENSG00000276418	gene
MACS_peak_19995	ENSG00000276418	gene
MACS_peak_19996	ENSG00000276418	gene
MACS_peak_19996	ENSG00000076554	gene
MACS_peak_19997	ENSG00000076554	gene
MACS_peak_19998	ENSG00000076554	gene
MACS_peak_20066	ENSG00000085719	gene
MACS_peak_20125	ENSG00000104320	gene
MACS_peak_20126	ENSG00000104320	gene
MACS_peak_20127	ENSG00000104320	gene
MACS_peak_20128	ENSG00000104320	gene
MACS_peak_20129	ENSG00000104320	gene
MACS_peak_20130	ENSG00000104320	gene
MACS_peak_20203	ENSG00000104324	gene
MACS_peak_20204	ENSG00000104324	gene
MACS_peak_20205	ENSG00000104324	gene
MACS_peak_20206	ENSG00000104324	gene
MACS_peak_20207	ENSG00000104324	gene
MACS_peak_20208	ENSG00000104324	gene
MACS_peak_20210	ENSG00000104324	gene
MACS_peak_20211	ENSG00000104324	gene
MACS_peak_20287	ENSG00000104517	gene
MACS_peak_20295	ENSG00000155097	gene
MACS_peak_20392	ENSG00000120526	gene
MACS_peak_20393	ENSG00000120526	gene
MACS_peak_20395	ENSG00000120526	gene
MACS_peak_20399	ENSG00000147654	gene
MACS_peak_20400	ENSG00000147654	gene
MACS_peak_20494	ENSG00000187955	gene
MACS_peak_20495	ENSG00000187955	gene
MACS_peak_20496	ENSG00000187955	gene
MACS_peak_20497	ENSG00000187955	gene
MACS_peak_20498	ENSG00000187955	gene
MACS_peak_20499	ENSG00000172172	gene
MACS_peak_20500	ENSG00000172172	gene
MACS_peak_20501	ENSG00000172167	gene
MACS_peak_20559	ENSG00000176853	gene
MACS_peak_20575	ENSG00000156831	gene
MACS_peak_20576	ENSG00000156831	gene
MACS_peak_20577	ENSG00000156831	gene
MACS_peak_20578	ENSG00000156831	gene
MACS_peak_20650	ENSG00000129295	gene
MACS_peak_20651	ENSG00000129292	gene
MACS_peak_20652	ENSG00000129292	gene
MACS_peak_20687	ENSG00000167632	gene
MACS_peak_20688	ENSG00000167632	gene
MACS_peak_20689	ENSG00000167632	gene
MACS_peak_20690	ENSG00000167632	gene
MACS_peak_20691	ENSG00000123908	gene
MACS_peak_20692	ENSG00000169398	gene
MACS_peak_20693	ENSG00000169398	gene
MACS_peak_20703	ENSG00000171045	gene
MACS_peak_20715	ENSG00000184428	gene
MACS_peak_20717	ENSG00000203499	gene
MACS_peak_20718	ENSG00000203499	gene
MACS_peak_20721	ENSG00000179832	gene
MACS_peak_20722	ENSG00000160949	gene
MACS_peak_20724	ENSG00000147799	gene
MACS_peak_20725	ENSG00000198169	gene
MACS_peak_20726	ENSG00000197363	gene
MACS_peak_20903	ENSG00000137074	promoter
MACS_peak_20912	ENSG00000165006	promoter
MACS_peak_21230	ENSG00000083223	promoter
MACS_peak_21317	ENSG00000136925	promoter
MACS_peak_21330	ENSG00000106803	promoter
MACS_peak_21349	ENSG00000155827	promoter
MACS_peak_21401	ENSG00000119318	promoter
MACS_peak_21465	ENSG00000136875	promoter
MACS_peak_21568	ENSG00000119414	promoter
MACS_peak_21584	ENSG00000177125	promoter
MACS_peak_21591	ENSG00000136807	promoter
MACS_peak_21596	ENSG00000148334	promoter
MACS_peak_21599	ENSG00000167110	promoter
MACS_peak_21603	ENSG00000160445	promoter
MACS_peak_21605	ENSG00000198917	promoter
MACS_peak_21613	ENSG00000148335	promoter
MACS_peak_21616	ENSG00000136816	promoter
MACS_peak_21638	ENSG00000107290	promoter
MACS_peak_21642	ENSG00000125484	promoter
MACS_peak_21650	ENSG00000148296	promoter
MACS_peak_21651	ENSG00000148300	promoter
MACS_peak_21663	ENSG00000122140	promoter
MACS_peak_21664	ENSG00000122140	promoter
MACS_peak_21671	ENSG00000244187	promoter
MACS_peak_21671	ENSG00000213213	promoter
MACS_peak_21673	ENSG00000186193	promoter
MACS_peak_21676	ENSG00000233198	promoter
MACS_peak_21676	ENSG00000198569	promoter
MACS_peak_21684	ENSG00000148399	promoter
MACS_peak_20748	ENSG00000080503	gene
MACS_peak_20749	ENSG00000080608	gene
MACS_peak_20765	ENSG00000096968	gene
MACS_peak_20769	ENSG00000107036	gene
MACS_peak_20770	ENSG00000099219	gene
MACS_peak_20771	ENSG00000183354	gene
MACS_peak_20774	ENSG00000147854	gene
MACS_peak_20776	ENSG00000107077	gene
MACS_peak_20844	ENSG00000099810	gene
MACS_peak_20870	ENSG00000120156	gene
MACS_peak_20905	ENSG00000086062	gene
MACS_peak_20909	ENSG00000107341	gene
MACS_peak_20910	ENSG00000107341	gene
MACS_peak_20911	ENSG00000137073	gene
MACS_peak_20922	ENSG00000122705	gene
MACS_peak_20923	ENSG00000122705	gene
MACS_peak_20930	ENSG00000122741	gene
MACS_peak_21107	ENSG00000147996	gene
MACS_peak_21154	ENSG00000106733	gene
MACS_peak_21167	ENSG00000197969	gene
MACS_peak_21172	ENSG00000156052	gene
MACS_peak_21173	ENSG00000156052	gene
MACS_peak_21247	ENSG00000130045	gene
MACS_peak_21248	ENSG00000130045	gene
MACS_peak_21277	ENSG00000165233	gene
MACS_peak_21334	ENSG00000136874	gene
MACS_peak_21336	ENSG00000119509	gene
MACS_peak_21337	ENSG00000136891	gene
MACS_peak_21350	ENSG00000155827	gene
MACS_peak_21402	ENSG00000119318	gene
MACS_peak_21459	ENSG00000148153	gene
MACS_peak_21464	ENSG00000119321	gene
MACS_peak_21466	ENSG00000136875	gene
MACS_peak_21526	ENSG00000119396	gene
MACS_peak_21527	ENSG00000119396	gene
MACS_peak_21548	ENSG00000136940	gene
MACS_peak_21561	ENSG00000136930	gene
MACS_peak_21566	ENSG00000173611	gene
MACS_peak_21567	ENSG00000173611	gene
MACS_peak_21609	ENSG00000119383	gene
MACS_peak_21610	ENSG00000119383	gene
MACS_peak_21614	ENSG00000148335	gene
MACS_peak_21620	ENSG00000148358	gene
MACS_peak_21621	ENSG00000148358	gene
MACS_peak_21625	ENSG00000097007	gene
MACS_peak_21626	ENSG00000097007	gene
MACS_peak_21627	ENSG00000097007	gene
MACS_peak_21629	ENSG00000126883	gene
MACS_peak_21633	ENSG00000130723	gene
MACS_peak_21636	ENSG00000160563	gene
MACS_peak_21639	ENSG00000107290	gene
MACS_peak_21640	ENSG00000125485	gene
MACS_peak_21641	ENSG00000125485	gene
MACS_peak_21643	ENSG00000165695	gene
MACS_peak_21644	ENSG00000165695	gene
MACS_peak_21646	ENSG00000148308	gene
MACS_peak_21660	ENSG00000130635	gene
MACS_peak_21663	ENSG00000160345	gene
MACS_peak_21667	ENSG00000130559	gene
MACS_peak_21678	ENSG00000188986	gene
MACS_peak_1911	ENSG00000107929	promoter
MACS_peak_1912	ENSG00000047056	promoter
MACS_peak_1949	ENSG00000134453	promoter
MACS_peak_2018	ENSG00000165630	promoter
MACS_peak_2070	ENSG00000120594	promoter
MACS_peak_2395	ENSG00000265190	promoter
MACS_peak_2579	ENSG00000165644	promoter
MACS_peak_2580	ENSG00000165644	promoter
MACS_peak_2775	ENSG00000166136	promoter
MACS_peak_2778	ENSG00000107816	promoter
MACS_peak_2780	ENSG00000107819	promoter
MACS_peak_1906	ENSG00000015171	gene
MACS_peak_1907	ENSG00000015171	gene
MACS_peak_1996	ENSG00000181192	gene
MACS_peak_1997	ENSG00000151465	gene
MACS_peak_2011	ENSG00000065328	gene
MACS_peak_2012	ENSG00000065328	gene
MACS_peak_2019	ENSG00000165630	gene
MACS_peak_2025	ENSG00000152457	gene
MACS_peak_2028	ENSG00000152464	gene
MACS_peak_2054	ENSG00000241058	gene
MACS_peak_2055	ENSG00000241058	gene
MACS_peak_2056	ENSG00000241058	gene
MACS_peak_2060	ENSG00000204740	gene
MACS_peak_2061	ENSG00000204740	gene
MACS_peak_2062	ENSG00000204740	gene
MACS_peak_2065	ENSG00000204740	gene
MACS_peak_2066	ENSG00000204740	gene
MACS_peak_2067	ENSG00000204740	gene
MACS_peak_2068	ENSG00000204740	gene
MACS_peak_2069	ENSG00000204740	gene
MACS_peak_2089	ENSG00000136770	gene
MACS_peak_2090	ENSG00000136770	gene
MACS_peak_2091	ENSG00000136770	gene
MACS_peak_2092	ENSG00000136770	gene
MACS_peak_2093	ENSG00000136770	gene
MACS_peak_2094	ENSG00000136770	gene
MACS_peak_2135	ENSG00000107890	gene
MACS_peak_2196	ENSG00000108100	gene
MACS_peak_2198	ENSG00000108100	gene
MACS_peak_2378	ENSG00000165406	gene
MACS_peak_2379	ENSG00000172671	gene
MACS_peak_2386	ENSG00000204176	gene
MACS_peak_2414	ENSG00000225830	gene
MACS_peak_2417	ENSG00000227345	gene
MACS_peak_2482	ENSG00000151151	gene
MACS_peak_2504	ENSG00000138311	gene
MACS_peak_2509	ENSG00000171988	gene
MACS_peak_2510	ENSG00000171988	gene
MACS_peak_2556	ENSG00000156515	gene
MACS_peak_2557	ENSG00000156515	gene
MACS_peak_2569	ENSG00000122882	gene
MACS_peak_2573	ENSG00000156110	gene
MACS_peak_2574	ENSG00000156110	gene
MACS_peak_2576	ENSG00000156671	gene
MACS_peak_2579	ENSG00000165637	gene
MACS_peak_2596	ENSG00000148606	gene
MACS_peak_2597	ENSG00000138326	gene
MACS_peak_2667	ENSG00000148672	gene
MACS_peak_2668	ENSG00000122376	gene
MACS_peak_2675	ENSG00000171862	gene
MACS_peak_2681	ENSG00000107796	gene
MACS_peak_2686	ENSG00000138182	gene
MACS_peak_2693	ENSG00000148688	gene
MACS_peak_2709	ENSG00000198060	gene
MACS_peak_2710	ENSG00000119912	gene
MACS_peak_2722	ENSG00000176273	gene
MACS_peak_2723	ENSG00000138193	gene
MACS_peak_2724	ENSG00000138193	gene
MACS_peak_2725	ENSG00000138193	gene
MACS_peak_2747	ENSG00000052749	gene
MACS_peak_2751	ENSG00000166024	gene
MACS_peak_2752	ENSG00000166024	gene
MACS_peak_2773	ENSG00000095485	gene
MACS_peak_2779	ENSG00000186862	gene
MACS_peak_2786	ENSG00000120029	gene
MACS_peak_2788	ENSG00000077150	gene
MACS_peak_2789	ENSG00000138107	gene
MACS_peak_2790	ENSG00000107882	gene
MACS_peak_2797	ENSG00000065613	gene
MACS_peak_2840	ENSG00000108039	gene
MACS_peak_2843	ENSG00000108061	gene
MACS_peak_2884	ENSG00000151893	gene
MACS_peak_2891	ENSG00000197771	gene
MACS_peak_2898	ENSG00000138162	gene
MACS_peak_2903	ENSG00000213185	gene
MACS_peak_2915	ENSG00000203780	gene
MACS_peak_2916	ENSG00000148848	gene
MACS_peak_2955	ENSG00000130640	gene
MACS_peak_2957	ENSG00000214279	gene
MACS_peak_3234	ENSG00000110442	promoter
MACS_peak_3303	ENSG00000066336	promoter
MACS_peak_3431	ENSG00000166902	promoter
MACS_peak_3445	ENSG00000110107	promoter
MACS_peak_3448	ENSG00000167987	promoter
MACS_peak_3483	ENSG00000174276	promoter
MACS_peak_3484	ENSG00000133884	promoter
MACS_peak_3486	ENSG00000173327	promoter
MACS_peak_3488	ENSG00000172977	promoter
MACS_peak_3488	ENSG00000172922	promoter
MACS_peak_3491	ENSG00000172500	promoter
MACS_peak_3497	ENSG00000174851	promoter
MACS_peak_3501	ENSG00000175482	promoter
MACS_peak_3543	ENSG00000186635	promoter
MACS_peak_3608	ENSG00000159063	promoter
MACS_peak_3867	ENSG00000160593	promoter
MACS_peak_2966	ENSG00000177951	gene
MACS_peak_2967	ENSG00000177951	gene
MACS_peak_2970	ENSG00000070047	gene
MACS_peak_2972	ENSG00000214026	gene
MACS_peak_3025	ENSG00000184014	gene
MACS_peak_3043	ENSG00000148925	gene
MACS_peak_3058	ENSG00000129083	gene
MACS_peak_3059	ENSG00000129084	gene
MACS_peak_3060	ENSG00000129084	gene
MACS_peak_3061	ENSG00000129084	gene
MACS_peak_3085	ENSG00000166689	gene
MACS_peak_3086	ENSG00000166689	gene
MACS_peak_3090	ENSG00000129158	gene
MACS_peak_3091	ENSG00000129158	gene
MACS_peak_3092	ENSG00000129158	gene
MACS_peak_3093	ENSG00000129158	gene
MACS_peak_3094	ENSG00000129158	gene
MACS_peak_3098	ENSG00000074319	gene
MACS_peak_3179	ENSG00000169519	gene
MACS_peak_3208	ENSG00000109911	gene
MACS_peak_3209	ENSG00000109911	gene
MACS_peak_3210	ENSG00000109911	gene
MACS_peak_3218	ENSG00000060749	gene
MACS_peak_3227	ENSG00000110435	gene
MACS_peak_3228	ENSG00000110435	gene
MACS_peak_3229	ENSG00000110435	gene
MACS_peak_3231	ENSG00000166326	gene
MACS_peak_3232	ENSG00000166326	gene
MACS_peak_3233	ENSG00000166326	gene
MACS_peak_3289	ENSG00000135365	gene
MACS_peak_3296	ENSG00000110497	gene
MACS_peak_3297	ENSG00000110497	gene
MACS_peak_3298	ENSG00000110497	gene
MACS_peak_3299	ENSG00000175216	gene
MACS_peak_3302	ENSG00000025434	gene
MACS_peak_3305	ENSG00000149187	gene
MACS_peak_3306	ENSG00000109920	gene
MACS_peak_3431	ENSG00000166900	gene
MACS_peak_3450	ENSG00000167985	gene
MACS_peak_3462	ENSG00000168000	gene
MACS_peak_3478	ENSG00000184743	gene
MACS_peak_3479	ENSG00000133318	gene
MACS_peak_3482	ENSG00000110047	gene
MACS_peak_3490	ENSG00000172757	gene
MACS_peak_3494	ENSG00000175115	gene
MACS_peak_3495	ENSG00000175115	gene
MACS_peak_3496	ENSG00000175115	gene
MACS_peak_3499	ENSG00000173898	gene
MACS_peak_3500	ENSG00000173120	gene
MACS_peak_3501	ENSG00000172613	gene
MACS_peak_3502	ENSG00000172613	gene
MACS_peak_3503	ENSG00000172613	gene
MACS_peak_3511	ENSG00000110066	gene
MACS_peak_3512	ENSG00000162337	gene
MACS_peak_3514	ENSG00000132749	gene
MACS_peak_3517	ENSG00000162341	gene
MACS_peak_3518	ENSG00000149716	gene
MACS_peak_3526	ENSG00000172890	gene
MACS_peak_3533	ENSG00000158483	gene
MACS_peak_3536	ENSG00000137497	gene
MACS_peak_3540	ENSG00000162129	gene
MACS_peak_3544	ENSG00000137478	gene
MACS_peak_3550	ENSG00000110237	gene
MACS_peak_3551	ENSG00000054967	gene
MACS_peak_3552	ENSG00000054965	gene
MACS_peak_3553	ENSG00000054965	gene
MACS_peak_3555	ENSG00000175582	gene
MACS_peak_3556	ENSG00000175581	gene
MACS_peak_3564	ENSG00000077514	gene
MACS_peak_3566	ENSG00000166439	gene
MACS_peak_3567	ENSG00000166439	gene
MACS_peak_3568	ENSG00000166439	gene
MACS_peak_3569	ENSG00000166439	gene
MACS_peak_3575	ENSG00000137491	gene
MACS_peak_3576	ENSG00000137491	gene
MACS_peak_3581	ENSG00000149273	gene
MACS_peak_3593	ENSG00000078124	gene
MACS_peak_3594	ENSG00000078124	gene
MACS_peak_3595	ENSG00000078124	gene
MACS_peak_3600	ENSG00000149269	gene
MACS_peak_3601	ENSG00000149269	gene
MACS_peak_3602	ENSG00000149269	gene
MACS_peak_3604	ENSG00000074201	gene
MACS_peak_3605	ENSG00000048649	gene
MACS_peak_3606	ENSG00000087884	gene
MACS_peak_3606	ENSG00000149262	gene
MACS_peak_3607	ENSG00000149262	gene
MACS_peak_3609	ENSG00000033327	gene
MACS_peak_3650	ENSG00000137509	gene
MACS_peak_3676	ENSG00000073921	gene
MACS_peak_3678	ENSG00000149196	gene
MACS_peak_3681	ENSG00000151376	gene
MACS_peak_3682	ENSG00000151376	gene
MACS_peak_3683	ENSG00000151376	gene
MACS_peak_3684	ENSG00000151376	gene
MACS_peak_3685	ENSG00000150687	gene
MACS_peak_3686	ENSG00000150687	gene
MACS_peak_3750	ENSG00000087053	gene
MACS_peak_3776	ENSG00000137672	gene
MACS_peak_3777	ENSG00000137672	gene
MACS_peak_3778	ENSG00000137672	gene
MACS_peak_3780	ENSG00000137672	gene
MACS_peak_3786	ENSG00000187240	gene
MACS_peak_3787	ENSG00000187240	gene
MACS_peak_3802	ENSG00000152404	gene
MACS_peak_3803	ENSG00000152404	gene
MACS_peak_3804	ENSG00000152404	gene
MACS_peak_3805	ENSG00000110660	gene
MACS_peak_3807	ENSG00000149311	gene
MACS_peak_3808	ENSG00000149311	gene
MACS_peak_3809	ENSG00000149311	gene
MACS_peak_3811	ENSG00000178105	gene
MACS_peak_3812	ENSG00000178105	gene
MACS_peak_3835	ENSG00000086827	gene
MACS_peak_3870	ENSG00000118058	gene
MACS_peak_3871	ENSG00000118096	gene
MACS_peak_3875	ENSG00000110367	gene
MACS_peak_3876	ENSG00000186166	gene
MACS_peak_3905	ENSG00000197798	gene
MACS_peak_3906	ENSG00000110063	gene
MACS_peak_3910	ENSG00000134909	gene
MACS_peak_3911	ENSG00000134909	gene
MACS_peak_3912	ENSG00000134909	gene
MACS_peak_3933	ENSG00000151498	gene
MACS_peak_3981	ENSG00000111678	promoter
MACS_peak_3996	ENSG00000110848	promoter
MACS_peak_4243	ENSG00000189079	promoter
MACS_peak_4280	ENSG00000161791	promoter
MACS_peak_4319	ENSG00000170421	promoter
MACS_peak_4330	ENSG00000172789	promoter
MACS_peak_4366	ENSG00000062485	promoter
MACS_peak_4373	ENSG00000076108	promoter
MACS_peak_4374	ENSG00000110955	promoter
MACS_peak_4751	ENSG00000257594	promoter
MACS_peak_4777	ENSG00000177889	promoter
MACS_peak_4789	ENSG00000180263	promoter
MACS_peak_4904	ENSG00000013503	promoter
MACS_peak_4908	ENSG00000111785	promoter
MACS_peak_4921	ENSG00000198855	promoter
MACS_peak_4935	ENSG00000111229	promoter
MACS_peak_4936	ENSG00000111229	promoter
MACS_peak_4984	ENSG00000111707	promoter
MACS_peak_5005	ENSG00000167272	promoter
MACS_peak_5007	ENSG00000175970	promoter
MACS_peak_5024	ENSG00000033030	promoter
MACS_peak_5029	ENSG00000111328	promoter
MACS_peak_5033	ENSG00000086598	promoter
MACS_peak_3950	ENSG00000078246	gene
MACS_peak_3962	ENSG00000047621	gene
MACS_peak_3963	ENSG00000047621	gene
MACS_peak_3964	ENSG00000010219	gene
MACS_peak_3981	ENSG00000111676	gene
MACS_peak_3983	ENSG00000215009	gene
MACS_peak_4021	ENSG00000165714	gene
MACS_peak_4022	ENSG00000165714	gene
MACS_peak_4024	ENSG00000084444	gene
MACS_peak_4025	ENSG00000084444	gene
MACS_peak_4032	ENSG00000070019	gene
MACS_peak_4034	ENSG00000182993	gene
MACS_peak_4089	ENSG00000123096	gene
MACS_peak_4095	ENSG00000152944	gene
MACS_peak_4107	ENSG00000123106	gene
MACS_peak_4108	ENSG00000123106	gene
MACS_peak_4127	ENSG00000087470	gene
MACS_peak_4221	ENSG00000134283	gene
MACS_peak_4244	ENSG00000189079	gene
MACS_peak_4278	ENSG00000123352	gene
MACS_peak_4326	ENSG00000135390	gene
MACS_peak_4327	ENSG00000135390	gene
MACS_peak_4330	ENSG00000198353	gene
MACS_peak_4360	ENSG00000170473	gene
MACS_peak_4361	ENSG00000111540	gene
MACS_peak_4463	ENSG00000183735	gene
MACS_peak_4469	ENSG00000174099	gene
MACS_peak_4470	ENSG00000174099	gene
MACS_peak_4471	ENSG00000174099	gene
MACS_peak_4505	ENSG00000175782	gene
MACS_peak_4506	ENSG00000135679	gene
MACS_peak_4507	ENSG00000135679	gene
MACS_peak_4529	ENSG00000127329	gene
MACS_peak_4530	ENSG00000127329	gene
MACS_peak_4750	ENSG00000139323	gene
MACS_peak_4751	ENSG00000139323	gene
MACS_peak_4779	ENSG00000169372	gene
MACS_peak_4839	ENSG00000136021	gene
MACS_peak_4857	ENSG00000075188	gene
MACS_peak_4858	ENSG00000075188	gene
MACS_peak_4903	ENSG00000136026	gene
MACS_peak_4905	ENSG00000013503	gene
MACS_peak_4906	ENSG00000013503	gene
MACS_peak_4924	ENSG00000084112	gene
MACS_peak_4943	ENSG00000204842	gene
MACS_peak_4944	ENSG00000204842	gene
MACS_peak_4948	ENSG00000111300	gene
MACS_peak_4949	ENSG00000135148	gene
MACS_peak_4950	ENSG00000173064	gene
MACS_peak_4951	ENSG00000089009	gene
MACS_peak_4956	ENSG00000111335	gene
MACS_peak_4960	ENSG00000123064	gene
MACS_peak_4961	ENSG00000122965	gene
MACS_peak_5004	ENSG00000022840	gene
MACS_peak_5008	ENSG00000157837	gene
MACS_peak_5013	ENSG00000110931	gene
MACS_peak_5014	ENSG00000089094	gene
MACS_peak_5015	ENSG00000089094	gene
MACS_peak_5016	ENSG00000089094	gene
MACS_peak_5022	ENSG00000130779	gene
MACS_peak_5023	ENSG00000130779	gene
MACS_peak_5030	ENSG00000139697	gene
MACS_peak_5034	ENSG00000197653	gene
MACS_peak_5035	ENSG00000197653	gene
MACS_peak_5093	ENSG00000090615	gene
MACS_peak_5169	ENSG00000139514	promoter
MACS_peak_5312	ENSG00000136159	promoter
MACS_peak_5650	ENSG00000150401	promoter
MACS_peak_5105	ENSG00000196199	gene
MACS_peak_5106	ENSG00000121390	gene
MACS_peak_5112	ENSG00000132953	gene
MACS_peak_5113	ENSG00000132953	gene
MACS_peak_5118	ENSG00000165487	gene
MACS_peak_5136	ENSG00000027001	gene
MACS_peak_5157	ENSG00000139517	gene
MACS_peak_5158	ENSG00000186184	gene
MACS_peak_5164	ENSG00000152520	gene
MACS_peak_5165	ENSG00000102755	gene
MACS_peak_5186	ENSG00000083642	gene
MACS_peak_5187	ENSG00000083642	gene
MACS_peak_5188	ENSG00000083642	gene
MACS_peak_5189	ENSG00000083642	gene
MACS_peak_5195	ENSG00000133119	gene
MACS_peak_5233	ENSG00000133103	gene
MACS_peak_5240	ENSG00000102738	gene
MACS_peak_5241	ENSG00000102738	gene
MACS_peak_5242	ENSG00000102738	gene
MACS_peak_5246	ENSG00000120688	gene
MACS_peak_5248	ENSG00000120662	gene
MACS_peak_5249	ENSG00000172766	gene
MACS_peak_5253	ENSG00000102780	gene
MACS_peak_5254	ENSG00000102780	gene
MACS_peak_5257	ENSG00000133106	gene
MACS_peak_5271	ENSG00000102804	gene
MACS_peak_5276	ENSG00000136152	gene
MACS_peak_5277	ENSG00000136152	gene
MACS_peak_5306	ENSG00000136143	gene
MACS_peak_5307	ENSG00000136143	gene
MACS_peak_5308	ENSG00000136143	gene
MACS_peak_5310	ENSG00000136143	gene
MACS_peak_5311	ENSG00000136143	gene
MACS_peak_5314	ENSG00000139687	gene
MACS_peak_5315	ENSG00000139687	gene
MACS_peak_5317	ENSG00000102543	gene
MACS_peak_5324	ENSG00000136104	gene
MACS_peak_5325	ENSG00000136104	gene
MACS_peak_5327	ENSG00000102786	gene
MACS_peak_5329	ENSG00000139668	gene
MACS_peak_5330	ENSG00000102796	gene
MACS_peak_5338	ENSG00000165416	gene
MACS_peak_5371	ENSG00000139734	gene
MACS_peak_5372	ENSG00000139734	gene
MACS_peak_5373	ENSG00000139734	gene
MACS_peak_5375	ENSG00000139734	gene
MACS_peak_5378	ENSG00000083544	gene
MACS_peak_5450	ENSG00000083535	gene
MACS_peak_5488	ENSG00000102471	gene
MACS_peak_5489	ENSG00000102471	gene
MACS_peak_5589	ENSG00000088387	gene
MACS_peak_5590	ENSG00000134882	gene
MACS_peak_5591	ENSG00000134882	gene
MACS_peak_5592	ENSG00000125304	gene
MACS_peak_5593	ENSG00000125247	gene
MACS_peak_5596	ENSG00000198542	gene
MACS_peak_5645	ENSG00000102606	gene
MACS_peak_5648	ENSG00000126216	gene
MACS_peak_5649	ENSG00000139842	gene
MACS_peak_5651	ENSG00000198176	gene
MACS_peak_5714	ENSG00000165804	promoter
MACS_peak_5718	ENSG00000129472	promoter
MACS_peak_5746	ENSG00000100813	promoter
MACS_peak_5748	ENSG00000092068	promoter
MACS_peak_5757	ENSG00000100897	promoter
MACS_peak_5759	ENSG00000213906	promoter
MACS_peak_5759	ENSG00000213903	promoter
MACS_peak_6052	ENSG00000100483	promoter
MACS_peak_6053	ENSG00000087299	promoter
MACS_peak_6108	ENSG00000168175	promoter
MACS_peak_6140	ENSG00000070367	promoter
MACS_peak_6224	ENSG00000257365	promoter
MACS_peak_6303	ENSG00000119673	promoter
MACS_peak_6306	ENSG00000205659	promoter
MACS_peak_6316	ENSG00000119689	promoter
MACS_peak_6322	ENSG00000133935	promoter
MACS_peak_6323	ENSG00000119650	promoter
MACS_peak_6324	ENSG00000089916	promoter
MACS_peak_6457	ENSG00000011114	promoter
MACS_peak_6487	ENSG00000100811	promoter
MACS_peak_6500	ENSG00000022976	promoter
MACS_peak_5709	ENSG00000258818	gene
MACS_peak_5709	ENSG00000214274	gene
MACS_peak_5709	ENSG00000259171	gene
MACS_peak_5747	ENSG00000100813	gene
MACS_peak_5753	ENSG00000187630	gene
MACS_peak_5760	ENSG00000129467	gene
MACS_peak_5761	ENSG00000129467	gene
MACS_peak_5830	ENSG00000092108	gene
MACS_peak_5831	ENSG00000092108	gene
MACS_peak_5832	ENSG00000092108	gene
MACS_peak_5833	ENSG00000092108	gene
MACS_peak_5835	ENSG00000196792	gene
MACS_peak_5837	ENSG00000092148	gene
MACS_peak_5839	ENSG00000129493	gene
MACS_peak_5872	ENSG00000174373	gene
MACS_peak_5881	ENSG00000183032	gene
MACS_peak_5883	ENSG00000183032	gene
MACS_peak_5884	ENSG00000183032	gene
MACS_peak_5885	ENSG00000183032	gene
MACS_peak_5886	ENSG00000183032	gene
MACS_peak_5887	ENSG00000183032	gene
MACS_peak_5888	ENSG00000183032	gene
MACS_peak_5889	ENSG00000151338	gene
MACS_peak_5890	ENSG00000151338	gene
MACS_peak_5891	ENSG00000151338	gene
MACS_peak_5892	ENSG00000151338	gene
MACS_peak_6045	ENSG00000213741	gene
MACS_peak_6046	ENSG00000165525	gene
MACS_peak_6054	ENSG00000087299	gene
MACS_peak_6057	ENSG00000100503	gene
MACS_peak_6058	ENSG00000100503	gene
MACS_peak_6059	ENSG00000100503	gene
MACS_peak_6063	ENSG00000139921	gene
MACS_peak_6100	ENSG00000100526	gene
MACS_peak_6106	ENSG00000198554	gene
MACS_peak_6107	ENSG00000198554	gene
MACS_peak_6109	ENSG00000126787	gene
MACS_peak_6113	ENSG00000178974	gene
MACS_peak_6114	ENSG00000178974	gene
MACS_peak_6115	ENSG00000178974	gene
MACS_peak_6141	ENSG00000053770	gene
MACS_peak_6154	ENSG00000131966	gene
MACS_peak_6172	ENSG00000100614	gene
MACS_peak_6179	ENSG00000020426	gene
MACS_peak_6180	ENSG00000020426	gene
MACS_peak_6181	ENSG00000139974	gene
MACS_peak_6182	ENSG00000139974	gene
MACS_peak_6213	ENSG00000154001	gene
MACS_peak_6214	ENSG00000154001	gene
MACS_peak_6216	ENSG00000140006	gene
MACS_peak_6219	ENSG00000100714	gene
MACS_peak_6220	ENSG00000126804	gene
MACS_peak_6252	ENSG00000139990	gene
MACS_peak_6254	ENSG00000029364	gene
MACS_peak_6265	ENSG00000133983	gene
MACS_peak_6269	ENSG00000100731	gene
MACS_peak_6270	ENSG00000100731	gene
MACS_peak_6271	ENSG00000100731	gene
MACS_peak_6272	ENSG00000100731	gene
MACS_peak_6274	ENSG00000100731	gene
MACS_peak_6275	ENSG00000100731	gene
MACS_peak_6296	ENSG00000165861	gene
MACS_peak_6297	ENSG00000080815	gene
MACS_peak_6299	ENSG00000133961	gene
MACS_peak_6300	ENSG00000133961	gene
MACS_peak_6301	ENSG00000133961	gene
MACS_peak_6302	ENSG00000187105	gene
MACS_peak_6307	ENSG00000205659	gene
MACS_peak_6308	ENSG00000205659	gene
MACS_peak_6309	ENSG00000205659	gene
MACS_peak_6310	ENSG00000205659	gene
MACS_peak_6313	ENSG00000119681	gene
MACS_peak_6314	ENSG00000119681	gene
MACS_peak_6315	ENSG00000119616	gene
MACS_peak_6318	ENSG00000119638	gene
MACS_peak_6322	ENSG00000119685	gene
MACS_peak_6323	ENSG00000119685	gene
MACS_peak_6325	ENSG00000089916	gene
MACS_peak_6334	ENSG00000009830	gene
MACS_peak_6335	ENSG00000009830	gene
MACS_peak_6418	ENSG00000042317	gene
MACS_peak_6419	ENSG00000042317	gene
MACS_peak_6420	ENSG00000042317	gene
MACS_peak_6421	ENSG00000042317	gene
MACS_peak_6422	ENSG00000042317	gene
MACS_peak_6446	ENSG00000133962	gene
MACS_peak_6447	ENSG00000133962	gene
MACS_peak_6488	ENSG00000100811	gene
MACS_peak_6497	ENSG00000078304	gene
MACS_peak_6499	ENSG00000080824	gene
MACS_peak_6502	ENSG00000198752	gene
MACS_peak_6503	ENSG00000198752	gene
MACS_peak_6504	ENSG00000198752	gene
MACS_peak_6509	ENSG00000075413	gene
MACS_peak_6525	ENSG00000179364	gene
MACS_peak_6690	ENSG00000198826	promoter
MACS_peak_6691	ENSG00000198826	promoter
MACS_peak_6717	ENSG00000171262	promoter
MACS_peak_6738	ENSG00000259330	promoter
MACS_peak_6739	ENSG00000104142	promoter
MACS_peak_6742	ENSG00000137806	promoter
MACS_peak_6754	ENSG00000137822	promoter
MACS_peak_6756	ENSG00000223572	promoter
MACS_peak_6760	ENSG00000166734	promoter
MACS_peak_6790	ENSG00000166262	promoter
MACS_peak_6814	ENSG00000081014	promoter
MACS_peak_6917	ENSG00000166803	promoter
MACS_peak_6931	ENSG00000174444	promoter
MACS_peak_6974	ENSG00000166233	promoter
MACS_peak_6998	ENSG00000179151	promoter
MACS_peak_6999	ENSG00000179151	promoter
MACS_peak_7004	ENSG00000178761	promoter
MACS_peak_7036	ENSG00000136381	promoter
MACS_peak_7129	ENSG00000259494	promoter
MACS_peak_7253	ENSG00000131871	promoter
MACS_peak_6605	ENSG00000273749	gene
MACS_peak_6630	ENSG00000128739	gene
MACS_peak_6639	ENSG00000128731	gene
MACS_peak_6652	ENSG00000104067	gene
MACS_peak_6673	ENSG00000198690	gene
MACS_peak_6695	ENSG00000134153	gene
MACS_peak_6718	ENSG00000171262	gene
MACS_peak_6736	ENSG00000156970	gene
MACS_peak_6741	ENSG00000128908	gene
MACS_peak_6747	ENSG00000166887	gene
MACS_peak_6748	ENSG00000137814	gene
MACS_peak_6750	ENSG00000137842	gene
MACS_peak_6751	ENSG00000137842	gene
MACS_peak_6754	ENSG00000140265	gene
MACS_peak_6755	ENSG00000166762	gene
MACS_peak_6761	ENSG00000166734	gene
MACS_peak_6762	ENSG00000166734	gene
MACS_peak_6770	ENSG00000171763	gene
MACS_peak_6789	ENSG00000156958	gene
MACS_peak_6790	ENSG00000156958	gene
MACS_peak_6792	ENSG00000166262	gene
MACS_peak_6793	ENSG00000166262	gene
MACS_peak_6794	ENSG00000104047	gene
MACS_peak_6805	ENSG00000138592	gene
MACS_peak_6806	ENSG00000138592	gene
MACS_peak_6807	ENSG00000092439	gene
MACS_peak_6808	ENSG00000092439	gene
MACS_peak_6810	ENSG00000138600	gene
MACS_peak_6815	ENSG00000081014	gene
MACS_peak_6816	ENSG00000081014	gene
MACS_peak_6838	ENSG00000128872	gene
MACS_peak_6839	ENSG00000128872	gene
MACS_peak_6840	ENSG00000138594	gene
MACS_peak_6841	ENSG00000138594	gene
MACS_peak_6842	ENSG00000138594	gene
MACS_peak_6843	ENSG00000138594	gene
MACS_peak_6844	ENSG00000069956	gene
MACS_peak_6872	ENSG00000256061	gene
MACS_peak_6885	ENSG00000140262	gene
MACS_peak_6886	ENSG00000255529	gene
MACS_peak_6896	ENSG00000128915	gene
MACS_peak_6908	ENSG00000140455	gene
MACS_peak_6916	ENSG00000169118	gene
MACS_peak_6918	ENSG00000103671	gene
MACS_peak_6919	ENSG00000103671	gene
MACS_peak_6920	ENSG00000180357	gene
MACS_peak_6922	ENSG00000138617	gene
MACS_peak_6925	ENSG00000074621	gene
MACS_peak_6926	ENSG00000103769	gene
MACS_peak_6927	ENSG00000103769	gene
MACS_peak_6929	ENSG00000169032	gene
MACS_peak_6930	ENSG00000169032	gene
MACS_peak_6933	ENSG00000103599	gene
MACS_peak_6934	ENSG00000103599	gene
MACS_peak_6935	ENSG00000103599	gene
MACS_peak_6936	ENSG00000033800	gene
MACS_peak_6937	ENSG00000033800	gene
MACS_peak_6946	ENSG00000258484	gene
MACS_peak_6947	ENSG00000255346	gene
MACS_peak_6955	ENSG00000137821	gene
MACS_peak_6956	ENSG00000137821	gene
MACS_peak_6957	ENSG00000137821	gene
MACS_peak_6958	ENSG00000137821	gene
MACS_peak_6959	ENSG00000137821	gene
MACS_peak_6975	ENSG00000166233	gene
MACS_peak_6998	ENSG00000179335	gene
MACS_peak_6999	ENSG00000179335	gene
MACS_peak_7004	ENSG00000178802	gene
MACS_peak_7005	ENSG00000178741	gene
MACS_peak_7007	ENSG00000138621	gene
MACS_peak_7013	ENSG00000169375	gene
MACS_peak_7014	ENSG00000169410	gene
MACS_peak_7040	ENSG00000185787	gene
MACS_peak_7070	ENSG00000140598	gene
MACS_peak_7152	ENSG00000196391	gene
MACS_peak_7158	ENSG00000198901	gene
MACS_peak_7233	ENSG00000103852	gene
MACS_peak_7234	ENSG00000168904	gene
MACS_peak_7235	ENSG00000168904	gene
MACS_peak_7244	ENSG00000140471	gene
MACS_peak_7245	ENSG00000183475	gene
MACS_peak_7256	ENSG00000184277	gene
MACS_peak_7257	ENSG00000184277	gene
MACS_peak_7258	ENSG00000184277	gene
MACS_peak_7275	ENSG00000161981	promoter
MACS_peak_7280	ENSG00000172236	promoter
MACS_peak_7292	ENSG00000059122	promoter
MACS_peak_7301	ENSG00000217930	promoter
MACS_peak_7303	ENSG00000118894	promoter
MACS_peak_7363	ENSG00000103512	promoter
MACS_peak_7391	ENSG00000185164	promoter
MACS_peak_7419	ENSG00000140749	promoter
MACS_peak_7439	ENSG00000166828	promoter
MACS_peak_7441	ENSG00000168447	promoter
MACS_peak_7497	ENSG00000280789	promoter
MACS_peak_7507	ENSG00000080603	promoter
MACS_peak_7510	ENSG00000103507	promoter
MACS_peak_7646	ENSG00000166123	promoter
MACS_peak_7665	ENSG00000177200	promoter
MACS_peak_7747	ENSG00000213398	promoter
MACS_peak_7747	ENSG00000124067	promoter
MACS_peak_7755	ENSG00000168802	promoter
MACS_peak_7758	ENSG00000132612	promoter
MACS_peak_7759	ENSG00000103018	promoter
MACS_peak_7862	ENSG00000166454	promoter
MACS_peak_7863	ENSG00000140905	promoter
MACS_peak_7917	ENSG00000140968	promoter
MACS_peak_7926	ENSG00000176692	promoter
MACS_peak_7953	ENSG00000167526	promoter
MACS_peak_7955	ENSG00000131165	promoter
MACS_peak_7275	ENSG00000161980	gene
MACS_peak_7277	ENSG00000197562	gene
MACS_peak_7278	ENSG00000197562	gene
MACS_peak_7302	ENSG00000140632	gene
MACS_peak_7304	ENSG00000118894	gene
MACS_peak_7323	ENSG00000187555	gene
MACS_peak_7361	ENSG00000186260	gene
MACS_peak_7364	ENSG00000103512	gene
MACS_peak_7366	ENSG00000183426	gene
MACS_peak_7392	ENSG00000185164	gene
MACS_peak_7399	ENSG00000103528	gene
MACS_peak_7406	ENSG00000174628	gene
MACS_peak_7419	ENSG00000197006	gene
MACS_peak_7430	ENSG00000058600	gene
MACS_peak_7442	ENSG00000168447	gene
MACS_peak_7443	ENSG00000168434	gene
MACS_peak_7444	ENSG00000168434	gene
MACS_peak_7445	ENSG00000168434	gene
MACS_peak_7450	ENSG00000090905	gene
MACS_peak_7451	ENSG00000090905	gene
MACS_peak_7452	ENSG00000090905	gene
MACS_peak_7453	ENSG00000090905	gene
MACS_peak_7456	ENSG00000140750	gene
MACS_peak_7467	ENSG00000047578	gene
MACS_peak_7468	ENSG00000047578	gene
MACS_peak_7469	ENSG00000047578	gene
MACS_peak_7471	ENSG00000169180	gene
MACS_peak_7499	ENSG00000174938	gene
MACS_peak_7503	ENSG00000179965	gene
MACS_peak_7515	ENSG00000140691	gene
MACS_peak_7518	ENSG00000197302	gene
MACS_peak_7519	ENSG00000197302	gene
MACS_peak_7641	ENSG00000171241	gene
MACS_peak_7645	ENSG00000155330	gene
MACS_peak_7648	ENSG00000129636	gene
MACS_peak_7649	ENSG00000129636	gene
MACS_peak_7650	ENSG00000129636	gene
MACS_peak_7654	ENSG00000196470	gene
MACS_peak_7666	ENSG00000177200	gene
MACS_peak_7681	ENSG00000125124	gene
MACS_peak_7684	ENSG00000102900	gene
MACS_peak_7685	ENSG00000102900	gene
MACS_peak_7689	ENSG00000103005	gene
MACS_peak_7741	ENSG00000159593	gene
MACS_peak_7748	ENSG00000167264	gene
MACS_peak_7753	ENSG00000103047	gene
MACS_peak_7754	ENSG00000103047	gene
MACS_peak_7761	ENSG00000198373	gene
MACS_peak_7763	ENSG00000157349	gene
MACS_peak_7764	ENSG00000168872	gene
MACS_peak_7775	ENSG00000166747	gene
MACS_peak_7776	ENSG00000166747	gene
MACS_peak_7777	ENSG00000224470	gene
MACS_peak_7777	ENSG00000182149	gene
MACS_peak_7803	ENSG00000168411	gene
MACS_peak_7806	ENSG00000050820	gene
MACS_peak_7807	ENSG00000153774	gene
MACS_peak_7808	ENSG00000153774	gene
MACS_peak_7809	ENSG00000153774	gene
MACS_peak_7812	ENSG00000166848	gene
MACS_peak_7813	ENSG00000166848	gene
MACS_peak_7814	ENSG00000166848	gene
MACS_peak_7861	ENSG00000103121	gene
MACS_peak_7863	ENSG00000260643	gene
MACS_peak_7905	ENSG00000103194	gene
MACS_peak_7906	ENSG00000103194	gene
MACS_peak_7907	ENSG00000103194	gene
MACS_peak_7908	ENSG00000103194	gene
MACS_peak_7910	ENSG00000131149	gene
MACS_peak_7911	ENSG00000131149	gene
MACS_peak_7912	ENSG00000131149	gene
MACS_peak_7913	ENSG00000131149	gene
MACS_peak_7914	ENSG00000131149	gene
MACS_peak_7933	ENSG00000140941	gene
MACS_peak_7934	ENSG00000140948	gene
MACS_peak_7952	ENSG00000167522	gene
MACS_peak_7953	ENSG00000197912	gene
MACS_peak_7960	ENSG00000003249	gene
MACS_peak_7972	ENSG00000187624	promoter
MACS_peak_7985	ENSG00000167716	promoter
MACS_peak_8000	ENSG00000005100	promoter
MACS_peak_8014	ENSG00000179859	promoter
MACS_peak_8017	ENSG00000179094	promoter
MACS_peak_8018	ENSG00000220205	promoter
MACS_peak_8061	ENSG00000175106	promoter
MACS_peak_8089	ENSG00000083290	promoter
MACS_peak_8138	ENSG00000109103	promoter
MACS_peak_8139	ENSG00000198242	promoter
MACS_peak_8139	ENSG00000160606	promoter
MACS_peak_8140	ENSG00000160606	promoter
MACS_peak_8140	ENSG00000160602	promoter
MACS_peak_8142	ENSG00000109118	promoter
MACS_peak_8146	ENSG00000108256	promoter
MACS_peak_8199	ENSG00000141696	promoter
MACS_peak_8209	ENSG00000067596	promoter
MACS_peak_8243	ENSG00000108468	promoter
MACS_peak_8246	ENSG00000141293	promoter
MACS_peak_8256	ENSG00000120075	promoter
MACS_peak_8256	ENSG00000108511	promoter
MACS_peak_8271	ENSG00000198740	promoter
MACS_peak_8274	ENSG00000167085	promoter
MACS_peak_8289	ENSG00000136444	promoter
MACS_peak_8296	ENSG00000239672	promoter
MACS_peak_8386	ENSG00000181610	promoter
MACS_peak_8387	ENSG00000180891	promoter
MACS_peak_8446	ENSG00000108406	promoter
MACS_peak_8461	ENSG00000108423	promoter
MACS_peak_8462	ENSG00000108423	promoter
MACS_peak_8485	ENSG00000170832	promoter
MACS_peak_8513	ENSG00000062725	promoter
MACS_peak_8642	ENSG00000136492	promoter
MACS_peak_8643	ENSG00000136492	promoter
MACS_peak_8644	ENSG00000136492	promoter
MACS_peak_8686	ENSG00000108506	promoter
MACS_peak_8687	ENSG00000108506	promoter
MACS_peak_8708	ENSG00000087995	promoter
MACS_peak_8709	ENSG00000087995	promoter
MACS_peak_8710	ENSG00000087995	promoter
MACS_peak_8761	ENSG00000256525	promoter
MACS_peak_8762	ENSG00000256525	promoter
MACS_peak_8765	ENSG00000258890	promoter
MACS_peak_8831	ENSG00000130935	promoter
MACS_peak_8834	ENSG00000171634	promoter
MACS_peak_8845	ENSG00000141337	promoter
MACS_peak_8860	ENSG00000154258	promoter
MACS_peak_8916	ENSG00000125449	promoter
MACS_peak_8917	ENSG00000125450	promoter
MACS_peak_8921	ENSG00000177303	promoter
MACS_peak_8922	ENSG00000182173	promoter
MACS_peak_8925	ENSG00000108469	promoter
MACS_peak_8932	ENSG00000132475	promoter
MACS_peak_8933	ENSG00000132478	promoter
MACS_peak_8961	ENSG00000141564	promoter
MACS_peak_8970	ENSG00000169689	promoter
MACS_peak_8970	ENSG00000169683	promoter
MACS_peak_7974	ENSG00000141252	gene
MACS_peak_7975	ENSG00000141252	gene
MACS_peak_7976	ENSG00000141252	gene
MACS_peak_7977	ENSG00000141252	gene
MACS_peak_7978	ENSG00000141252	gene
MACS_peak_7983	ENSG00000108953	gene
MACS_peak_7984	ENSG00000108953	gene
MACS_peak_7993	ENSG00000040531	gene
MACS_peak_7994	ENSG00000083457	gene
MACS_peak_7995	ENSG00000132388	gene
MACS_peak_7999	ENSG00000141503	gene
MACS_peak_8000	ENSG00000108561	gene
MACS_peak_8025	ENSG00000170310	gene
MACS_peak_8026	ENSG00000170310	gene
MACS_peak_8036	ENSG00000133028	gene
MACS_peak_8044	ENSG00000065559	gene
MACS_peak_8056	ENSG00000006695	gene
MACS_peak_8059	ENSG00000109099	gene
MACS_peak_8061	ENSG00000239704	gene
MACS_peak_8074	ENSG00000108591	gene
MACS_peak_8100	ENSG00000124422	gene
MACS_peak_8103	ENSG00000109016	gene
MACS_peak_8138	ENSG00000258472	gene
MACS_peak_8141	ENSG00000076604	gene
MACS_peak_8143	ENSG00000109118	gene
MACS_peak_8147	ENSG00000108256	gene
MACS_peak_8153	ENSG00000178691	gene
MACS_peak_8184	ENSG00000108306	gene
MACS_peak_8185	ENSG00000167258	gene
MACS_peak_8200	ENSG00000168259	gene
MACS_peak_8201	ENSG00000108774	gene
MACS_peak_8206	ENSG00000236383	gene
MACS_peak_8210	ENSG00000067596	gene
MACS_peak_8222	ENSG00000228696	gene
MACS_peak_8223	ENSG00000073969	gene
MACS_peak_8224	ENSG00000073969	gene
MACS_peak_8238	ENSG00000108439	gene
MACS_peak_8244	ENSG00000108468	gene
MACS_peak_8245	ENSG00000108468	gene
MACS_peak_8247	ENSG00000141293	gene
MACS_peak_8248	ENSG00000141293	gene
MACS_peak_8249	ENSG00000141293	gene
MACS_peak_8250	ENSG00000141293	gene
MACS_peak_8251	ENSG00000141293	gene
MACS_peak_8252	ENSG00000141293	gene
MACS_peak_8255	ENSG00000120093	gene
MACS_peak_8256	ENSG00000120093	gene
MACS_peak_8265	ENSG00000159210	gene
MACS_peak_8272	ENSG00000198740	gene
MACS_peak_8280	ENSG00000121073	gene
MACS_peak_8283	ENSG00000005884	gene
MACS_peak_8284	ENSG00000005884	gene
MACS_peak_8285	ENSG00000108819	gene
MACS_peak_8286	ENSG00000108821	gene
MACS_peak_8287	ENSG00000108821	gene
MACS_peak_8294	ENSG00000008294	gene
MACS_peak_8295	ENSG00000008294	gene
MACS_peak_8337	ENSG00000166263	gene
MACS_peak_8338	ENSG00000166263	gene
MACS_peak_8339	ENSG00000166263	gene
MACS_peak_8340	ENSG00000166263	gene
MACS_peak_8341	ENSG00000166263	gene
MACS_peak_8388	ENSG00000180891	gene
MACS_peak_8389	ENSG00000180891	gene
MACS_peak_8390	ENSG00000180891	gene
MACS_peak_8398	ENSG00000213246	gene
MACS_peak_8402	ENSG00000121101	gene
MACS_peak_8404	ENSG00000121101	gene
MACS_peak_8405	ENSG00000121101	gene
MACS_peak_8406	ENSG00000121101	gene
MACS_peak_8407	ENSG00000121101	gene
MACS_peak_8408	ENSG00000121101	gene
MACS_peak_8409	ENSG00000121101	gene
MACS_peak_8423	ENSG00000108395	gene
MACS_peak_8424	ENSG00000108395	gene
MACS_peak_8425	ENSG00000108395	gene
MACS_peak_8427	ENSG00000108395	gene
MACS_peak_8429	ENSG00000108395	gene
MACS_peak_8430	ENSG00000108395	gene
MACS_peak_8431	ENSG00000108395	gene
MACS_peak_8433	ENSG00000108395	gene
MACS_peak_8434	ENSG00000108395	gene
MACS_peak_8435	ENSG00000108395	gene
MACS_peak_8436	ENSG00000108395	gene
MACS_peak_8447	ENSG00000108406	gene
MACS_peak_8448	ENSG00000108406	gene
MACS_peak_8465	ENSG00000108423	gene
MACS_peak_8466	ENSG00000108443	gene
MACS_peak_8468	ENSG00000108443	gene
MACS_peak_8469	ENSG00000108443	gene
MACS_peak_8470	ENSG00000108443	gene
MACS_peak_8471	ENSG00000108443	gene
MACS_peak_8478	ENSG00000068097	gene
MACS_peak_8479	ENSG00000068097	gene
MACS_peak_8486	ENSG00000170832	gene
MACS_peak_8487	ENSG00000170832	gene
MACS_peak_8488	ENSG00000170832	gene
MACS_peak_8489	ENSG00000170832	gene
MACS_peak_8491	ENSG00000170832	gene
MACS_peak_8493	ENSG00000170832	gene
MACS_peak_8494	ENSG00000170832	gene
MACS_peak_8495	ENSG00000170832	gene
MACS_peak_8496	ENSG00000170832	gene
MACS_peak_8497	ENSG00000170832	gene
MACS_peak_8498	ENSG00000170832	gene
MACS_peak_8499	ENSG00000170832	gene
MACS_peak_8500	ENSG00000170832	gene
MACS_peak_8502	ENSG00000170832	gene
MACS_peak_8503	ENSG00000170832	gene
MACS_peak_8504	ENSG00000170832	gene
MACS_peak_8505	ENSG00000170832	gene
MACS_peak_8506	ENSG00000170832	gene
MACS_peak_8507	ENSG00000170832	gene
MACS_peak_8508	ENSG00000170832	gene
MACS_peak_8509	ENSG00000170832	gene
MACS_peak_8510	ENSG00000170832	gene
MACS_peak_8514	ENSG00000062725	gene
MACS_peak_8515	ENSG00000062725	gene
MACS_peak_8516	ENSG00000062725	gene
MACS_peak_8517	ENSG00000062725	gene
MACS_peak_8524	ENSG00000170836	gene
MACS_peak_8525	ENSG00000170836	gene
MACS_peak_8526	ENSG00000170836	gene
MACS_peak_8528	ENSG00000170836	gene
MACS_peak_8529	ENSG00000170836	gene
MACS_peak_8530	ENSG00000170836	gene
MACS_peak_8531	ENSG00000170836	gene
MACS_peak_8532	ENSG00000170836	gene
MACS_peak_8645	ENSG00000136492	gene
MACS_peak_8646	ENSG00000136492	gene
MACS_peak_8648	ENSG00000136492	gene
MACS_peak_8650	ENSG00000136492	gene
MACS_peak_8651	ENSG00000136492	gene
MACS_peak_8652	ENSG00000136492	gene
MACS_peak_8653	ENSG00000136492	gene
MACS_peak_8654	ENSG00000136492	gene
MACS_peak_8655	ENSG00000136492	gene
MACS_peak_8656	ENSG00000136492	gene
MACS_peak_8657	ENSG00000136492	gene
MACS_peak_8659	ENSG00000136492	gene
MACS_peak_8661	ENSG00000136492	gene
MACS_peak_8662	ENSG00000136492	gene
MACS_peak_8664	ENSG00000136492	gene
MACS_peak_8665	ENSG00000136492	gene
MACS_peak_8667	ENSG00000136492	gene
MACS_peak_8668	ENSG00000136492	gene
MACS_peak_8669	ENSG00000136492	gene
MACS_peak_8670	ENSG00000136492	gene
MACS_peak_8671	ENSG00000136492	gene
MACS_peak_8673	ENSG00000136492	gene
MACS_peak_8674	ENSG00000136492	gene
MACS_peak_8675	ENSG00000136492	gene
MACS_peak_8676	ENSG00000136492	gene
MACS_peak_8678	ENSG00000136492	gene
MACS_peak_8680	ENSG00000136492	gene
MACS_peak_8681	ENSG00000136492	gene
MACS_peak_8682	ENSG00000136492	gene
MACS_peak_8684	ENSG00000136492	gene
MACS_peak_8685	ENSG00000136492	gene
MACS_peak_8688	ENSG00000108506	gene
MACS_peak_8689	ENSG00000108506	gene
MACS_peak_8690	ENSG00000108506	gene
MACS_peak_8691	ENSG00000108506	gene
MACS_peak_8692	ENSG00000108506	gene
MACS_peak_8693	ENSG00000108506	gene
MACS_peak_8695	ENSG00000108506	gene
MACS_peak_8696	ENSG00000108506	gene
MACS_peak_8697	ENSG00000108510	gene
MACS_peak_8699	ENSG00000108510	gene
MACS_peak_8711	ENSG00000146872	gene
MACS_peak_8712	ENSG00000146872	gene
MACS_peak_8713	ENSG00000146872	gene
MACS_peak_8714	ENSG00000146872	gene
MACS_peak_8738	ENSG00000266173	gene
MACS_peak_8739	ENSG00000266173	gene
MACS_peak_8740	ENSG00000198231	gene
MACS_peak_8764	ENSG00000256525	gene
MACS_peak_8765	ENSG00000108654	gene
MACS_peak_8766	ENSG00000258890	gene
MACS_peak_8767	ENSG00000258890	gene
MACS_peak_8779	ENSG00000120063	gene
MACS_peak_8818	ENSG00000198265	gene
MACS_peak_8819	ENSG00000198265	gene
MACS_peak_8821	ENSG00000197170	gene
MACS_peak_8835	ENSG00000171634	gene
MACS_peak_8836	ENSG00000171634	gene
MACS_peak_8837	ENSG00000171634	gene
MACS_peak_8838	ENSG00000171634	gene
MACS_peak_8846	ENSG00000141337	gene
MACS_peak_8847	ENSG00000070540	gene
MACS_peak_8862	ENSG00000154262	gene
MACS_peak_8863	ENSG00000154262	gene
MACS_peak_8909	ENSG00000179604	gene
MACS_peak_8915	ENSG00000109066	gene
MACS_peak_8918	ENSG00000177885	gene
MACS_peak_8919	ENSG00000177885	gene
MACS_peak_8926	ENSG00000108469	gene
MACS_peak_8927	ENSG00000108469	gene
MACS_peak_8928	ENSG00000108469	gene
MACS_peak_8929	ENSG00000161526	gene
MACS_peak_8933	ENSG00000132475	gene
MACS_peak_8934	ENSG00000132478	gene
MACS_peak_8935	ENSG00000167881	gene
MACS_peak_8936	ENSG00000175931	gene
MACS_peak_8948	ENSG00000087157	gene
MACS_peak_8950	ENSG00000108669	gene
MACS_peak_8956	ENSG00000167291	gene
MACS_peak_8957	ENSG00000167291	gene
MACS_peak_8958	ENSG00000167291	gene
MACS_peak_8962	ENSG00000141564	gene
MACS_peak_8963	ENSG00000141564	gene
MACS_peak_8964	ENSG00000141564	gene
MACS_peak_8966	ENSG00000141577	gene
MACS_peak_8971	ENSG00000169660	gene
MACS_peak_8972	ENSG00000141568	gene
MACS_peak_8973	ENSG00000141556	gene
MACS_peak_8974	ENSG00000141556	gene
MACS_peak_9009	ENSG00000101574	promoter
MACS_peak_9011	ENSG00000101608	promoter
MACS_peak_9036	ENSG00000154845	promoter
MACS_peak_9050	ENSG00000141385	promoter
MACS_peak_9165	ENSG00000134759	promoter
MACS_peak_9222	ENSG00000152234	promoter
MACS_peak_9245	ENSG00000176624	promoter
MACS_peak_9291	ENSG00000134444	promoter
MACS_peak_8991	ENSG00000101557	gene
MACS_peak_8995	ENSG00000176105	gene
MACS_peak_9010	ENSG00000101596	gene
MACS_peak_9037	ENSG00000101558	gene
MACS_peak_9052	ENSG00000175354	gene
MACS_peak_9053	ENSG00000101639	gene
MACS_peak_9054	ENSG00000101639	gene
MACS_peak_9077	ENSG00000067900	gene
MACS_peak_9078	ENSG00000067900	gene
MACS_peak_9079	ENSG00000141446	gene
MACS_peak_9080	ENSG00000101752	gene
MACS_peak_9081	ENSG00000101752	gene
MACS_peak_9097	ENSG00000134508	gene
MACS_peak_9097	ENSG00000134490	gene
MACS_peak_9098	ENSG00000141458	gene
MACS_peak_9099	ENSG00000141447	gene
MACS_peak_9100	ENSG00000141447	gene
MACS_peak_9101	ENSG00000141447	gene
MACS_peak_9143	ENSG00000046604	gene
MACS_peak_9166	ENSG00000134759	gene
MACS_peak_9172	ENSG00000150477	gene
MACS_peak_9173	ENSG00000150477	gene
MACS_peak_9174	ENSG00000150477	gene
MACS_peak_9175	ENSG00000150477	gene
MACS_peak_9176	ENSG00000150477	gene
MACS_peak_9177	ENSG00000150477	gene
MACS_peak_9218	ENSG00000152223	gene
MACS_peak_9220	ENSG00000152229	gene
MACS_peak_9221	ENSG00000152229	gene
MACS_peak_9223	ENSG00000152242	gene
MACS_peak_9236	ENSG00000141627	gene
MACS_peak_9238	ENSG00000141627	gene
MACS_peak_9240	ENSG00000141627	gene
MACS_peak_9243	ENSG00000167306	gene
MACS_peak_9259	ENSG00000041353	gene
MACS_peak_9260	ENSG00000041353	gene
MACS_peak_9267	ENSG00000091157	gene
MACS_peak_9268	ENSG00000091157	gene
MACS_peak_9271	ENSG00000081923	gene
MACS_peak_9272	ENSG00000081923	gene
MACS_peak_9273	ENSG00000049759	gene
MACS_peak_9290	ENSG00000197563	gene
MACS_peak_9291	ENSG00000197563	gene
MACS_peak_9292	ENSG00000141664	gene
MACS_peak_9295	ENSG00000081913	gene
MACS_peak_9296	ENSG00000081913	gene
MACS_peak_9337	ENSG00000215421	gene
MACS_peak_9346	ENSG00000166377	gene
MACS_peak_9347	ENSG00000166377	gene
MACS_peak_9364	ENSG00000079313	promoter
MACS_peak_9397	ENSG00000105401	promoter
MACS_peak_9401	ENSG00000129347	promoter
MACS_peak_9410	ENSG00000196466	promoter
MACS_peak_9413	ENSG00000095059	promoter
MACS_peak_9416	ENSG00000167815	promoter
MACS_peak_9451	ENSG00000130522	promoter
MACS_peak_9460	ENSG00000256771	promoter
MACS_peak_9471	ENSG00000197020	promoter
MACS_peak_9472	ENSG00000197020	promoter
MACS_peak_9578	ENSG00000128626	promoter
MACS_peak_9616	ENSG00000267680	promoter
MACS_peak_9617	ENSG00000159917	promoter
MACS_peak_9619	ENSG00000278318	promoter
MACS_peak_9625	ENSG00000104853	promoter
MACS_peak_9646	ENSG00000042753	promoter
MACS_peak_9698	ENSG00000142227	promoter
MACS_peak_9702	ENSG00000183207	promoter
MACS_peak_9706	ENSG00000104973	promoter
MACS_peak_9745	ENSG00000129451	promoter
MACS_peak_9761	ENSG00000125505	promoter
MACS_peak_9769	ENSG00000213015	promoter
MACS_peak_9773	ENSG00000198440	promoter
MACS_peak_9778	ENSG00000119574	promoter
MACS_peak_9361	ENSG00000118046	gene
MACS_peak_9367	ENSG00000065717	gene
MACS_peak_9368	ENSG00000161091	gene
MACS_peak_9373	ENSG00000008382	gene
MACS_peak_9393	ENSG00000080573	gene
MACS_peak_9398	ENSG00000105401	gene
MACS_peak_9399	ENSG00000105401	gene
MACS_peak_9401	ENSG00000130734	gene
MACS_peak_9402	ENSG00000129354	gene
MACS_peak_9408	ENSG00000196757	gene
MACS_peak_9432	ENSG00000141867	gene
MACS_peak_9433	ENSG00000141867	gene
MACS_peak_9434	ENSG00000141867	gene
MACS_peak_9455	ENSG00000129933	gene
MACS_peak_9458	ENSG00000105708	gene
MACS_peak_9461	ENSG00000184635	gene
MACS_peak_9462	ENSG00000184635	gene
MACS_peak_9463	ENSG00000184635	gene
MACS_peak_9465	ENSG00000188171	gene
MACS_peak_9475	ENSG00000197360	gene
MACS_peak_9479	ENSG00000167232	gene
MACS_peak_9566	ENSG00000197050	gene
MACS_peak_9567	ENSG00000196967	gene
MACS_peak_9567	ENSG00000197050	gene
MACS_peak_9580	ENSG00000196235	gene
MACS_peak_9583	ENSG00000275395	gene
MACS_peak_9617	ENSG00000131115	gene
MACS_peak_9621	ENSG00000186567	gene
MACS_peak_9644	ENSG00000090372	gene
MACS_peak_9653	ENSG00000134815	gene
MACS_peak_9696	ENSG00000105483	gene
MACS_peak_9696	ENSG00000185453	gene
MACS_peak_9703	ENSG00000183207	gene
MACS_peak_9754	ENSG00000256087	gene
MACS_peak_9756	ENSG00000197497	gene
MACS_peak_9763	ENSG00000239998	gene
MACS_peak_9779	ENSG00000119574	gene
MACS_peak_11684	ENSG00000101220	promoter
MACS_peak_11699	ENSG00000125827	promoter
MACS_peak_11736	ENSG00000101247	promoter
MACS_peak_11888	ENSG00000131069	promoter
MACS_peak_11895	ENSG00000171222	promoter
MACS_peak_11909	ENSG00000101442	promoter
MACS_peak_11973	ENSG00000124251	promoter
MACS_peak_12087	ENSG00000244687	promoter
MACS_peak_12135	ENSG00000054793	promoter
MACS_peak_12267	ENSG00000101132	promoter
MACS_peak_12397	ENSG00000101146	promoter
MACS_peak_12420	ENSG00000124222	promoter
MACS_peak_12470	ENSG00000101182	promoter
MACS_peak_12474	ENSG00000130706	promoter
MACS_peak_12476	ENSG00000101189	promoter
MACS_peak_12477	ENSG00000060491	promoter
MACS_peak_12490	ENSG00000197114	promoter
MACS_peak_12490	ENSG00000273154	promoter
MACS_peak_11676	ENSG00000088876	gene
MACS_peak_11678	ENSG00000132670	gene
MACS_peak_11679	ENSG00000088812	gene
MACS_peak_11680	ENSG00000088812	gene
MACS_peak_11681	ENSG00000088812	gene
MACS_peak_11682	ENSG00000088812	gene
MACS_peak_11683	ENSG00000088812	gene
MACS_peak_11685	ENSG00000101236	gene
MACS_peak_11691	ENSG00000088766	gene
MACS_peak_11701	ENSG00000182621	gene
MACS_peak_11702	ENSG00000182621	gene
MACS_peak_11703	ENSG00000182621	gene
MACS_peak_11704	ENSG00000182621	gene
MACS_peak_11733	ENSG00000089123	gene
MACS_peak_11734	ENSG00000089123	gene
MACS_peak_11735	ENSG00000089123	gene
MACS_peak_11768	ENSG00000101310	gene
MACS_peak_11786	ENSG00000101343	gene
MACS_peak_11823	ENSG00000101463	gene
MACS_peak_11824	ENSG00000101463	gene
MACS_peak_11829	ENSG00000100994	gene
MACS_peak_11830	ENSG00000100997	gene
MACS_peak_11831	ENSG00000100997	gene
MACS_peak_11874	ENSG00000131044	gene
MACS_peak_11880	ENSG00000088305	gene
MACS_peak_11893	ENSG00000131051	gene
MACS_peak_11900	ENSG00000197122	gene
MACS_peak_11901	ENSG00000197122	gene
MACS_peak_11908	ENSG00000170471	gene
MACS_peak_11929	ENSG00000124177	gene
MACS_peak_11930	ENSG00000124177	gene
MACS_peak_11931	ENSG00000124177	gene
MACS_peak_11974	ENSG00000124155	gene
MACS_peak_11975	ENSG00000124155	gene
MACS_peak_11980	ENSG00000101457	gene
MACS_peak_12071	ENSG00000124207	gene
MACS_peak_12072	ENSG00000124207	gene
MACS_peak_12073	ENSG00000124214	gene
MACS_peak_12080	ENSG00000197818	gene
MACS_peak_12081	ENSG00000197818	gene
MACS_peak_12083	ENSG00000124226	gene
MACS_peak_12126	ENSG00000101126	gene
MACS_peak_12136	ENSG00000054793	gene
MACS_peak_12137	ENSG00000054793	gene
MACS_peak_12138	ENSG00000054793	gene
MACS_peak_12139	ENSG00000054793	gene
MACS_peak_12143	ENSG00000020256	gene
MACS_peak_12144	ENSG00000020256	gene
MACS_peak_12269	ENSG00000101132	gene
MACS_peak_12271	ENSG00000101132	gene
MACS_peak_12358	ENSG00000101138	gene
MACS_peak_12359	ENSG00000022277	gene
MACS_peak_12360	ENSG00000022277	gene
MACS_peak_12416	ENSG00000124164	gene
MACS_peak_12417	ENSG00000124164	gene
MACS_peak_12429	ENSG00000124203	gene
MACS_peak_12430	ENSG00000124203	gene
MACS_peak_12468	ENSG00000130699	gene
MACS_peak_12469	ENSG00000130699	gene
MACS_peak_12471	ENSG00000184402	gene
MACS_peak_12472	ENSG00000130703	gene
MACS_peak_12473	ENSG00000130703	gene
MACS_peak_12479	ENSG00000101191	gene
MACS_peak_12480	ENSG00000101191	gene
MACS_peak_12481	ENSG00000101191	gene
MACS_peak_12489	ENSG00000101216	gene
MACS_peak_12490	ENSG00000101246	gene
MACS_peak_12491	ENSG00000101152	gene
MACS_peak_12715	ENSG00000159259	promoter
MACS_peak_12765	ENSG00000160214	promoter
MACS_peak_12657	ENSG00000154719	gene
MACS_peak_12690	ENSG00000156304	gene
MACS_peak_12692	ENSG00000265590	gene
MACS_peak_12692	ENSG00000159079	gene
MACS_peak_12693	ENSG00000159082	gene
MACS_peak_12697	ENSG00000205758	gene
MACS_peak_12698	ENSG00000205726	gene
MACS_peak_12732	ENSG00000185658	gene
MACS_peak_12733	ENSG00000185658	gene
MACS_peak_12767	ENSG00000160216	gene
MACS_peak_12768	ENSG00000160216	gene
MACS_peak_12772	ENSG00000184787	gene
MACS_peak_12773	ENSG00000184787	gene
MACS_peak_12777	ENSG00000186866	gene
MACS_peak_12784	ENSG00000160282	gene
MACS_peak_12785	ENSG00000160294	gene
MACS_peak_12819	ENSG00000215193	promoter
MACS_peak_12836	ENSG00000070413	promoter
MACS_peak_12839	ENSG00000128185	promoter
MACS_peak_12850	ENSG00000099917	promoter
MACS_peak_12877	ENSG00000186716	promoter
MACS_peak_12946	ENSG00000187051	promoter
MACS_peak_12949	ENSG00000100359	promoter
MACS_peak_12962	ENSG00000196576	promoter
MACS_peak_12963	ENSG00000196576	promoter
MACS_peak_12837	ENSG00000093010	gene
MACS_peak_12849	ENSG00000099910	gene
MACS_peak_12851	ENSG00000099917	gene
MACS_peak_12852	ENSG00000241973	gene
MACS_peak_12853	ENSG00000241973	gene
MACS_peak_12861	ENSG00000100030	gene
MACS_peak_12883	ENSG00000099991	gene
MACS_peak_12894	ENSG00000197077	gene
MACS_peak_12898	ENSG00000180957	gene
MACS_peak_12912	ENSG00000100280	gene
MACS_peak_12918	ENSG00000100105	gene
MACS_peak_12919	ENSG00000183530	gene
MACS_peak_12945	ENSG00000100335	gene
MACS_peak_12949	ENSG00000239900	gene
MACS_peak_12950	ENSG00000196588	gene
MACS_peak_12951	ENSG00000100393	gene
MACS_peak_12952	ENSG00000100207	gene
MACS_peak_12961	ENSG00000100426	gene
MACS_peak_22007	ENSG00000197077	gene
MACS_peak_22949	ENSG00000160211	promoter
MACS_peak_22030	ENSG00000130021	gene
MACS_peak_22041	ENSG00000146950	gene
MACS_peak_22042	ENSG00000146950	gene
MACS_peak_22064	ENSG00000046647	gene
MACS_peak_22081	ENSG00000169891	gene
MACS_peak_22256	ENSG00000204271	gene
MACS_peak_22257	ENSG00000204271	gene
MACS_peak_22328	ENSG00000001497	gene
MACS_peak_22366	ENSG00000090889	gene
MACS_peak_22375	ENSG00000147133	gene
MACS_peak_22382	ENSG00000198034	gene
MACS_peak_22413	ENSG00000085224	gene
MACS_peak_22435	ENSG00000198157	gene
MACS_peak_22536	ENSG00000196440	gene
MACS_peak_22537	ENSG00000196440	gene
MACS_peak_22593	ENSG00000133135	gene
MACS_peak_22594	ENSG00000133135	gene
MACS_peak_22595	ENSG00000133135	gene
MACS_peak_22941	ENSG00000169057	gene
MACS_peak_22942	ENSG00000169057	gene
